gbifID,title,url,bud,flower,fruit,none
1228149901,"V0108308F",http://fm-digital-assets.fieldmuseum.org/504/051/V0108308F.jpg,1,1,0,0
1228149145,"V0106068F",http://fm-digital-assets.fieldmuseum.org/520/041/V0106068F.jpg,0,0,0,1
1228144762,"V0121605F",http://fm-digital-assets.fieldmuseum.org/530/565/V0121605F.jpg,0,0,1,0
1228154116,"V0106275F",http://fm-digital-assets.fieldmuseum.org/520/220/V0106275F.jpg,0,0,0,1
1228149266,"V0120448F",http://fm-digital-assets.fieldmuseum.org/531/909/V0120448F.jpg,0,0,1,0
1228163663,"V0117677F",http://fm-digital-assets.fieldmuseum.org/529/585/V0117677F.jpg,0,0,1,0
1228168001,"V0117935F",http://fm-digital-assets.fieldmuseum.org/529/843/V0117935F.jpg,1,1,1,0
1228169704,"V0105695F",http://fm-digital-assets.fieldmuseum.org/519/667/V0105695F.jpg,1,0,0,0
1228149927,"V0108810F",http://fm-digital-assets.fieldmuseum.org/504/584/V0108810F.jpg,1,1,0,0
1228155509,"V0117897F",http://fm-digital-assets.fieldmuseum.org/529/805/V0117897F.jpg,1,0,0,0
1228159469,"MYRT F 1615409",http://fm-digital-assets.fieldmuseum.org/172/986/MYRT_myrc_tene_1615409.jpg,1,1,0,0
1228159469,"V0349144F",http://fm-digital-assets.fieldmuseum.org/1213/588/V0349144F.jpg,1,1,0,0
1228144868,"V0121921F",http://fm-digital-assets.fieldmuseum.org/530/880/V0121921F.jpg,0,0,1,0
1228146947,"V0105875F",http://fm-digital-assets.fieldmuseum.org/519/844/V0105875F.jpg,1,1,0,0
1228152048,"V0106308F",http://fm-digital-assets.fieldmuseum.org/521/685/V0106308F.jpg,0,0,0,1
1228154155,"V0105397F",http://fm-digital-assets.fieldmuseum.org/515/960/V0105397F.jpg,1,1,0,0
1228150861,"V0106470F",http://fm-digital-assets.fieldmuseum.org/521/819/V0106470F.jpg,0,0,1,0
1228151634,"V0117906F",http://fm-digital-assets.fieldmuseum.org/529/814/V0117906F.jpg,1,1,0,0
1228163976,"V0291392F",http://fm-digital-assets.fieldmuseum.org/1646/786/V0291392F.jpg,0,1,0,0
1228160975,"MYRT F 1825914",http://fm-digital-assets.fieldmuseum.org/178/112/MYRT_caly_spec_per_1825914.jpg,0,0,1,0
1228163192,"V0108584F",http://fm-digital-assets.fieldmuseum.org/504/358/V0108584F.jpg,0,0,1,0
1228164702,"V0121275F",http://fm-digital-assets.fieldmuseum.org/532/766/V0121275F.jpg,1,0,0,0
1228166340,"V0108778F",http://fm-digital-assets.fieldmuseum.org/504/552/V0108778F.jpg,1,1,0,0
1228200975,"V0106195F",http://fm-digital-assets.fieldmuseum.org/520/167/V0106195F.jpg,1,1,0,0
1228207442,"V0120914F",http://fm-digital-assets.fieldmuseum.org/532/338/V0120914F.jpg,0,1,0,0
1228205268,"V0117466F",http://fm-digital-assets.fieldmuseum.org/529/376/V0117466F.jpg,1,0,0,0
1228207047,"V0106203F",http://fm-digital-assets.fieldmuseum.org/520/175/V0106203F.jpg,1,1,0,0
1228222974,"V0108812F",http://fm-digital-assets.fieldmuseum.org/504/586/V0108812F.jpg,1,1,0,0
1228226230,"V0105972F",http://fm-digital-assets.fieldmuseum.org/519/943/V0105972F.jpg,0,1,0,0
1228195223,"V0117214F",http://fm-digital-assets.fieldmuseum.org/523/098/V0117214F.jpg,0,1,0,0
1228197978,"V0121829F",http://fm-digital-assets.fieldmuseum.org/530/788/V0121829F.jpg,0,1,0,0
1228199785,"V0108905F",http://fm-digital-assets.fieldmuseum.org/504/679/V0108905F.jpg,0,0,1,0
1228210891,"V0121560F",http://fm-digital-assets.fieldmuseum.org/530/517/V0121560F.jpg,1,0,0,0
1228220267,"V0107200F",http://fm-digital-assets.fieldmuseum.org/522/542/V0107200F.jpg,1,1,0,0
1228221148,"V0138919F",http://fm-digital-assets.fieldmuseum.org/532/941/V0138919F.jpg,0,1,0,0
1228179749,"V0107410F",http://fm-digital-assets.fieldmuseum.org/495/844/V0107410F.jpg,1,1,1,0
1228187088,"MYRT F 2111211",http://fm-digital-assets.fieldmuseum.org/188/664/MYRT_euge_puni_bol_2111211.jpg,1,1,0,0
1228188893,"V0106178F",http://fm-digital-assets.fieldmuseum.org/520/150/V0106178F.jpg,0,1,0,0
1228187511,"MYRT F 1804001",http://fm-digital-assets.fieldmuseum.org/177/487/MYRT_psid_guin_1804001.jpg,1,1,0,0
1228207094,"V0291374F",http://fm-digital-assets.fieldmuseum.org/952/375/V0291374F.jpg,0,0,1,0
1228181245,"V0105992F",http://fm-digital-assets.fieldmuseum.org/519/964/V0105992F.jpg,1,1,0,0
1228185913,"V0108172F",http://fm-digital-assets.fieldmuseum.org/503/876/V0108172F.jpg,1,0,0,0
1228192043,"V0118073F",http://fm-digital-assets.fieldmuseum.org/529/981/V0118073F.jpg,0,0,1,0
1228197991,"V0121577F",http://fm-digital-assets.fieldmuseum.org/530/537/V0121577F.jpg,1,0,0,0
1228181595,"V0107777F",http://fm-digital-assets.fieldmuseum.org/503/465/V0107777F.jpg,1,0,0,0
1228184836,"V0107444F",http://fm-digital-assets.fieldmuseum.org/495/878/V0107444F.jpg,1,1,0,0
1228204618,"V0105630F",http://fm-digital-assets.fieldmuseum.org/516/187/V0105630F.jpg,1,1,0,0
1228212490,"V0107074F",http://fm-digital-assets.fieldmuseum.org/522/418/V0107074F.jpg,0,1,0,0
1228178942,"V0120523F",http://fm-digital-assets.fieldmuseum.org/531/984/V0120523F.jpg,1,1,0,0
1228198435,"V0120910F",http://fm-digital-assets.fieldmuseum.org/532/334/V0120910F.jpg,0,0,0,1
1228180989,"V0121116F",http://fm-digital-assets.fieldmuseum.org/532/568/V0121116F.jpg,1,1,0,0
1228218143,"V0106879F",http://fm-digital-assets.fieldmuseum.org/522/222/V0106879F.jpg,1,1,0,0
1228181935,"V0291400F",http://fm-digital-assets.fieldmuseum.org/1646/795/V0291400F.jpg,1,1,0,0
1228182920,"V0120413F",http://fm-digital-assets.fieldmuseum.org/531/874/V0120413F.jpg,1,1,0,0
1228225130,"V0107335F",http://fm-digital-assets.fieldmuseum.org/495/769/V0107335F.jpg,1,0,0,0
1228555418,"V0108875F",http://fm-digital-assets.fieldmuseum.org/504/649/V0108875F.jpg,0,0,1,0
1228576880,"V0108567F",http://fm-digital-assets.fieldmuseum.org/504/341/V0108567F.jpg,0,1,0,0
1228581179,"V0106247F",http://fm-digital-assets.fieldmuseum.org/521/672/V0106247F.jpg,0,0,1,0
1228523789,"V0107036F",http://fm-digital-assets.fieldmuseum.org/522/379/V0107036F.jpg,0,0,1,0
1228524510,"V0107337F",http://fm-digital-assets.fieldmuseum.org/495/771/V0107337F.jpg,1,1,0,0
1228533041,"V0118184F",http://fm-digital-assets.fieldmuseum.org/530/091/V0118184F.jpg,0,0,0,1
1228598499,"V0109749F",http://fm-digital-assets.fieldmuseum.org/516/691/V0109749F.jpg,1,1,0,0
1228546540,"V0348955F",http://fm-digital-assets.fieldmuseum.org/1213/383/V0348955F.jpg,0,1,0,0
1228561616,"V0106075F",http://fm-digital-assets.fieldmuseum.org/520/048/V0106075F.jpg,1,1,0,0
1228570961,"V0108921F",http://fm-digital-assets.fieldmuseum.org/504/695/V0108921F.jpg,0,0,1,0
1228536697,"V0105775F",http://fm-digital-assets.fieldmuseum.org/519/747/V0105775F.jpg,1,0,0,0
1228537704,"V0105455F",http://fm-digital-assets.fieldmuseum.org/516/016/V0105455F.jpg,0,0,1,0
1228551295,"V0121484F",http://fm-digital-assets.fieldmuseum.org/530/408/V0121484F.jpg,1,1,0,0
1228571082,"V0121507F",http://fm-digital-assets.fieldmuseum.org/530/440/V0121507F.jpg,0,0,1,0
1228574472,"V0121671F",http://fm-digital-assets.fieldmuseum.org/530/631/V0121671F.jpg,1,0,0,0
1228591147,"MYRT F 1905216",http://fm-digital-assets.fieldmuseum.org/180/691/MYRT_euge_lamb_per_1905216.jpg,0,0,1,0
1228601227,"V0120453F",http://fm-digital-assets.fieldmuseum.org/531/914/V0120453F.jpg,0,0,0,1
1228610528,"V0121173F",http://fm-digital-assets.fieldmuseum.org/532/637/V0121173F.jpg,0,0,1,0
1228613042,"V0065619F",http://fm-digital-assets.fieldmuseum.org/129/127/V0065619F.jpg,0,1,0,0
1228174668,"V0117673F",http://fm-digital-assets.fieldmuseum.org/529/581/V0117673F.jpg,1,1,0,0
1228156979,"MYRT F 1892393",http://fm-digital-assets.fieldmuseum.org/180/128/MYRT_marl_umbr_per_1892393.jpg,0,0,1,0
1228198583,"V0108099F",http://fm-digital-assets.fieldmuseum.org/503/803/V0108099F.jpg,0,0,1,0
1228145513,"V0107904F",http://fm-digital-assets.fieldmuseum.org/503/592/V0107904F.jpg,0,1,0,0
1228157926,"V0121357F",http://fm-digital-assets.fieldmuseum.org/530/270/V0121357F.jpg,1,0,0,0
1228163848,"V0108445F",http://fm-digital-assets.fieldmuseum.org/504/215/V0108445F.jpg,1,1,0,0
1228163789,"V0118138F",http://fm-digital-assets.fieldmuseum.org/530/046/V0118138F.jpg,0,1,0,0
1228455595,"V0108854F",http://fm-digital-assets.fieldmuseum.org/504/628/V0108854F.jpg,1,1,0,0
1228483126,"V0109376F",http://fm-digital-assets.fieldmuseum.org/516/334/V0109376F.jpg,0,0,0,1
1228485546,"V0105632F",http://fm-digital-assets.fieldmuseum.org/516/189/V0105632F.jpg,0,1,0,0
1228513332,"V0106875F",http://fm-digital-assets.fieldmuseum.org/522/218/V0106875F.jpg,0,0,1,0
1228517471,"V0117984F",http://fm-digital-assets.fieldmuseum.org/529/892/V0117984F.jpg,0,1,0,0
1228527416,"V0118048F",http://fm-digital-assets.fieldmuseum.org/529/956/V0118048F.jpg,0,0,1,0
1228455311,"V0348989F",http://fm-digital-assets.fieldmuseum.org/1213/420/V0348989F.jpg,0,0,1,0
1228472104,"V0105691F",http://fm-digital-assets.fieldmuseum.org/519/663/V0105691F.jpg,0,0,1,0
1228487312,"V0117460F",http://fm-digital-assets.fieldmuseum.org/529/370/V0117460F.jpg,0,0,1,0
1228488289,"23591",http://fm-digital-assets.fieldmuseum.org/423/138/23591.jpg,1,1,0,0
1228499050,"V0121436F",http://fm-digital-assets.fieldmuseum.org/530/352/V0121436F.jpg,0,0,1,0
1228503475,"V0107264F",http://fm-digital-assets.fieldmuseum.org/495/699/V0107264F.jpg,0,0,1,0
1228579031,"MYRT F 1744569",http://fm-digital-assets.fieldmuseum.org/175/630/MYRT_myrc_hats_1744569.jpg,1,1,0,0
1228590932,"V0348930F",http://fm-digital-assets.fieldmuseum.org/1213/358/V0348930F.jpg,0,0,1,0
1228147254,"V0108582F",http://fm-digital-assets.fieldmuseum.org/504/356/V0108582F.jpg,0,0,1,0
1228151241,"23491",http://fm-digital-assets.fieldmuseum.org/423/051/23491.jpg,1,1,0,0
1228586440,"V0291397F",http://fm-digital-assets.fieldmuseum.org/1646/792/V0291397F.jpg,0,0,1,0
1228162773,"V0108280F",http://fm-digital-assets.fieldmuseum.org/504/012/V0108280F.jpg,0,1,0,0
1228588326,"V0106415F",http://fm-digital-assets.fieldmuseum.org/521/764/V0106415F.jpg,1,0,0,0
1228588360,"V0120698F",http://fm-digital-assets.fieldmuseum.org/532/124/V0120698F.jpg,0,0,1,0
1228588850,"V0107191F",http://fm-digital-assets.fieldmuseum.org/522/533/V0107191F.jpg,1,0,0,0
1228594707,"V0106310F",http://fm-digital-assets.fieldmuseum.org/521/687/V0106310F.jpg,0,1,0,0
1228606509,"V0105648F",http://fm-digital-assets.fieldmuseum.org/516/205/V0105648F.jpg,0,0,0,1
1228604990,"V0107403F",http://fm-digital-assets.fieldmuseum.org/495/837/V0107403F.jpg,1,1,0,0
1228607539,"V0107285F",http://fm-digital-assets.fieldmuseum.org/495/719/V0107285F.jpg,1,1,0,0
1228610193,"V0106987F",http://fm-digital-assets.fieldmuseum.org/522/330/V0106987F.jpg,0,1,1,0
1228612661,"V0118082F",http://fm-digital-assets.fieldmuseum.org/529/990/V0118082F.jpg,0,1,0,0
1228611563,"V0107171F",http://fm-digital-assets.fieldmuseum.org/522/515/V0107171F.jpg,0,1,0,0
1228173214,"V0107914F",http://fm-digital-assets.fieldmuseum.org/503/602/V0107914F.jpg,1,1,0,0
1228190247,"V0106096F",http://fm-digital-assets.fieldmuseum.org/520/069/V0106096F.jpg,0,1,0,0
1228200560,"V0107586F",http://fm-digital-assets.fieldmuseum.org/503/270/V0107586F.jpg,0,1,0,0
1228616175,"V0107052F",http://fm-digital-assets.fieldmuseum.org/522/395/V0107052F.jpg,1,1,0,0
1228625001,"V0105351F",http://fm-digital-assets.fieldmuseum.org/515/912/V0105351F.jpg,0,0,1,0
1228633805,"V0108467F",http://fm-digital-assets.fieldmuseum.org/504/241/V0108467F.jpg,1,0,0,0
1262189095,"V0352683F",http://fm-digital-assets.fieldmuseum.org/1394/584/V0352683F.jpg,1,0,0,0
1228629623,"V0107056F",http://fm-digital-assets.fieldmuseum.org/522/399/V0107056F.jpg,1,0,0,0
1228633603,"V0107827F",http://fm-digital-assets.fieldmuseum.org/503/515/V0107827F.jpg,0,1,0,0
1228633747,"V0107263F",http://fm-digital-assets.fieldmuseum.org/495/698/V0107263F.jpg,1,0,0,0
1228633795,"V0108163F",http://fm-digital-assets.fieldmuseum.org/503/867/V0108163F.jpg,0,1,0,0
1262191287,"V0385290F",http://fm-digital-assets.fieldmuseum.org/1397/938/V0385290F.jpg,0,0,1,0
3962866311,"V0486420F",http://fm-digital-assets.fieldmuseum.org/2343/105/V0486420F.jpg,0,0,1,0
1228331280,"V0107695F",http://fm-digital-assets.fieldmuseum.org/503/382/V0107695F.jpg,1,1,0,0
1228219032,"V0105769F",http://fm-digital-assets.fieldmuseum.org/519/741/V0105769F.jpg,0,1,0,0
1228182048,"V0117908F",http://fm-digital-assets.fieldmuseum.org/529/816/V0117908F.jpg,0,0,1,0
1228251442,"V0109144F",http://fm-digital-assets.fieldmuseum.org/504/918/V0109144F.jpg,1,0,0,0
1228197822,"V0109249F",http://fm-digital-assets.fieldmuseum.org/516/248/V0109249F.jpg,0,1,0,0
1228209261,"V0121548F",http://fm-digital-assets.fieldmuseum.org/530/499/V0121548F.jpg,0,0,1,0
1228218265,"V0105588F",http://fm-digital-assets.fieldmuseum.org/516/145/V0105588F.jpg,1,0,0,0
1228226064,"MYRT F 2017554",http://fm-digital-assets.fieldmuseum.org/185/154/MYRT_euge_egen_per_2017554.jpg,0,1,0,0
1228230211,"V0108681F",http://fm-digital-assets.fieldmuseum.org/504/455/V0108681F.jpg,0,1,0,0
1228205450,"V0138896F",http://fm-digital-assets.fieldmuseum.org/532/913/V0138896F.jpg,0,0,1,0
1228296827,"V0107103F",http://fm-digital-assets.fieldmuseum.org/522/447/V0107103F.jpg,1,0,0,0
1228209562,"V0121306F",http://fm-digital-assets.fieldmuseum.org/530/222/V0121306F.jpg,0,0,1,0
1228220236,"V0120718F",http://fm-digital-assets.fieldmuseum.org/532/143/V0120718F.jpg,1,1,0,0
1228222653,"V0117270F",http://fm-digital-assets.fieldmuseum.org/523/164/V0117270F.jpg,0,0,1,0
1228223220,"V0109146F",http://fm-digital-assets.fieldmuseum.org/504/920/V0109146F.jpg,0,0,1,0
1228293412,"V0108669F",http://fm-digital-assets.fieldmuseum.org/504/443/V0108669F.jpg,1,1,0,0
1228308234,"V0350004F",http://fm-digital-assets.fieldmuseum.org/1231/507/V0350004F.jpg,0,0,0,1
1228232702,"V0105511F",http://fm-digital-assets.fieldmuseum.org/516/071/V0105511F.jpg,1,0,0,0
1228234371,"V0121397F",http://fm-digital-assets.fieldmuseum.org/530/308/V0121397F.jpg,0,0,1,0
1228249949,"V0106410F",http://fm-digital-assets.fieldmuseum.org/521/759/V0106410F.jpg,0,1,0,0
1228294999,"V0121141F",http://fm-digital-assets.fieldmuseum.org/532/597/V0121141F.jpg,1,1,1,0
1228303606,"V0105701F",http://fm-digital-assets.fieldmuseum.org/519/673/V0105701F.jpg,0,0,1,0
1228317439,"V0121326F",http://fm-digital-assets.fieldmuseum.org/530/242/V0121326F.jpg,1,1,0,0
1228248793,"V0105987F",http://fm-digital-assets.fieldmuseum.org/519/959/V0105987F.jpg,0,1,0,0
1228286704,"V0117776F",http://fm-digital-assets.fieldmuseum.org/529/684/V0117776F.jpg,1,0,0,0
1228301390,"V0107428F",http://fm-digital-assets.fieldmuseum.org/495/862/V0107428F.jpg,0,1,0,0
1228333784,"V0105770F",http://fm-digital-assets.fieldmuseum.org/519/742/V0105770F.jpg,1,0,0,0
1228350831,"V0121391F",http://fm-digital-assets.fieldmuseum.org/530/303/V0121391F.jpg,0,0,1,0
1228208243,"V0105360F",http://fm-digital-assets.fieldmuseum.org/515/922/V0105360F.jpg,1,1,1,0
1228181434,"V0109323F",http://fm-digital-assets.fieldmuseum.org/516/295/V0109323F.jpg,0,0,1,0
1228255627,"V0120548F",http://fm-digital-assets.fieldmuseum.org/532/009/V0120548F.jpg,1,0,0,0
1228276150,"V0348929F",http://fm-digital-assets.fieldmuseum.org/1213/357/V0348929F.jpg,0,0,0,1
1228187377,"V0107376F",http://fm-digital-assets.fieldmuseum.org/495/810/V0107376F.jpg,1,1,0,0
1228179930,"V0108177F",http://fm-digital-assets.fieldmuseum.org/503/883/V0108177F.jpg,1,1,0,0
1228386954,"V0105699F",http://fm-digital-assets.fieldmuseum.org/519/671/V0105699F.jpg,1,0,0,0
1228394374,"V0105326F",http://fm-digital-assets.fieldmuseum.org/515/886/V0105326F.jpg,1,0,0,0
1228419262,"V0120702F",http://fm-digital-assets.fieldmuseum.org/532/128/V0120702F.jpg,1,1,0,0
1228424954,"V0107004F",http://fm-digital-assets.fieldmuseum.org/522/347/V0107004F.jpg,1,1,0,0
1228301940,"V0121253F",http://fm-digital-assets.fieldmuseum.org/532/738/V0121253F.jpg,0,1,0,0
1228320677,"V0105438F",http://fm-digital-assets.fieldmuseum.org/516/001/V0105438F.jpg,0,0,1,0
1228324654,"V0108232F",http://fm-digital-assets.fieldmuseum.org/503/952/V0108232F.jpg,0,1,1,0
1228401934,"V0105627F",http://fm-digital-assets.fieldmuseum.org/516/184/V0105627F.jpg,0,0,1,0
1228405294,"V0105532F",http://fm-digital-assets.fieldmuseum.org/516/092/V0105532F.jpg,1,1,0,0
1228418272,"V0108975F",http://fm-digital-assets.fieldmuseum.org/504/749/V0108975F.jpg,0,0,0,1
1228419539,"MYRT F 1007421",http://fm-digital-assets.fieldmuseum.org/170/364/MYRT_ugni_myri_pan_1007421.jpg,0,0,1,0
1228426413,"V0108613F",http://fm-digital-assets.fieldmuseum.org/504/387/V0108613F.jpg,0,0,1,0
1228316581,"V0120429F",http://fm-digital-assets.fieldmuseum.org/531/890/V0120429F.jpg,0,1,0,0
1228317745,"V0349990F",http://fm-digital-assets.fieldmuseum.org/1231/494/V0349990F.jpg,1,1,0,0
1228340981,"V0108684F",http://fm-digital-assets.fieldmuseum.org/504/458/V0108684F.jpg,0,0,1,0
1228159653,"V0107015F",http://fm-digital-assets.fieldmuseum.org/522/358/V0107015F.jpg,0,1,0,0
1228186764,"V0108409F",http://fm-digital-assets.fieldmuseum.org/504/173/V0108409F.jpg,0,1,0,0
1228171969,"V0117456F",http://fm-digital-assets.fieldmuseum.org/523/348/V0117456F.jpg,1,1,0,0
1228172420,"V0107242F",http://fm-digital-assets.fieldmuseum.org/495/677/V0107242F.jpg,0,1,0,0
1228175236,"V0106102F",http://fm-digital-assets.fieldmuseum.org/520/075/V0106102F.jpg,1,1,0,0
1228185459,"V0121583F",http://fm-digital-assets.fieldmuseum.org/530/543/V0121583F.jpg,1,0,0,0
1228189028,"V0121462F",http://fm-digital-assets.fieldmuseum.org/530/385/V0121462F.jpg,1,0,0,0
1228194454,"V0109252F",http://fm-digital-assets.fieldmuseum.org/516/251/V0109252F.jpg,0,1,0,0
1228226830,"V0108199F",http://fm-digital-assets.fieldmuseum.org/503/919/V0108199F.jpg,1,0,0,0
1228238286,"V0120804F",http://fm-digital-assets.fieldmuseum.org/532/229/V0120804F.jpg,0,0,1,0
1228168858,"V0108169F",http://fm-digital-assets.fieldmuseum.org/503/873/V0108169F.jpg,1,1,0,0
1228178626,"V0117464F",http://fm-digital-assets.fieldmuseum.org/529/374/V0117464F.jpg,1,1,0,0
1228191547,"V0109495F",http://fm-digital-assets.fieldmuseum.org/516/439/V0109495F.jpg,1,0,0,0
1228193562,"V0117876F",http://fm-digital-assets.fieldmuseum.org/529/784/V0117876F.jpg,0,1,0,0
1228199240,"V0107199F",http://fm-digital-assets.fieldmuseum.org/522/541/V0107199F.jpg,1,0,0,0
1944820690,"V0414692F",http://fm-digital-assets.fieldmuseum.org/2136/407/V0414692F.jpg,1,0,0,0
1944820690,"MYRT_Eugenia_egensis_per_IHua1481_c3.jpg",http://fm-digital-assets.fieldmuseum.org/1775/727/MYRT_Eugenia_egensis_per_IHua1481_c3.jpg,1,1,0,0
1944820690,"MYRT_Eugenia_egensis_per_ZCor8548_c2.jpg",http://fm-digital-assets.fieldmuseum.org/1775/729/MYRT_Eugenia_egensis_per_ZCor8548_c2.jpg,1,1,0,0
1944820690,"MYRT_Eugenia_egensis_per_ZCor8545_c2.jpg",http://fm-digital-assets.fieldmuseum.org/1775/728/MYRT_Eugenia_egensis_per_ZCor8545_c2.jpg,1,1,0,0
1228366486,"V0108691F",http://fm-digital-assets.fieldmuseum.org/504/465/V0108691F.jpg,0,0,1,0
1228236740,"V0106956F",http://fm-digital-assets.fieldmuseum.org/522/299/V0106956F.jpg,0,0,1,0
1228377502,"V0108683F",http://fm-digital-assets.fieldmuseum.org/504/457/V0108683F.jpg,1,0,0,0
1228383662,"V0121366F",http://fm-digital-assets.fieldmuseum.org/530/279/V0121366F.jpg,1,0,0,0
1228537333,"V0107626F",http://fm-digital-assets.fieldmuseum.org/503/313/V0107626F.jpg,1,1,0,0
1228344569,"V0105768F",http://fm-digital-assets.fieldmuseum.org/519/740/V0105768F.jpg,0,0,1,0
1228356563,"V0121460F",http://fm-digital-assets.fieldmuseum.org/530/383/V0121460F.jpg,0,1,0,0
1228360579,"V0118069F",http://fm-digital-assets.fieldmuseum.org/529/977/V0118069F.jpg,0,1,1,0
1228375236,"V0117958F",http://fm-digital-assets.fieldmuseum.org/529/866/V0117958F.jpg,1,0,0,0
1228152512,"V0106894F",http://fm-digital-assets.fieldmuseum.org/522/237/V0106894F.jpg,1,0,0,0
1228158919,"V0105405F",http://fm-digital-assets.fieldmuseum.org/515/968/V0105405F.jpg,1,0,0,0
1228162628,"V0118180F",http://fm-digital-assets.fieldmuseum.org/530/087/V0118180F.jpg,0,0,0,1
1228165089,"V0117953F",http://fm-digital-assets.fieldmuseum.org/529/861/V0117953F.jpg,1,1,0,0
1228199208,"V0108953F",http://fm-digital-assets.fieldmuseum.org/504/727/V0108953F.jpg,1,0,0,0
1228210987,"V0121802F",http://fm-digital-assets.fieldmuseum.org/530/761/V0121802F.jpg,0,0,0,1
1228212709,"V0348917F",http://fm-digital-assets.fieldmuseum.org/1213/345/V0348917F.jpg,1,1,0,0
1228213852,"V0105901F",http://fm-digital-assets.fieldmuseum.org/519/870/V0105901F.jpg,1,1,0,0
1228214143,"V0105378F",http://fm-digital-assets.fieldmuseum.org/515/940/V0105378F.jpg,0,0,1,0
1228237846,"V0107853F",http://fm-digital-assets.fieldmuseum.org/503/541/V0107853F.jpg,0,0,1,0
1228148725,"MYRT F 1962041",http://fm-digital-assets.fieldmuseum.org/183/095/MYRT_euge_bifl_per_1962041.jpg,1,1,0,0
1228149287,"V0117582F",http://fm-digital-assets.fieldmuseum.org/529/490/V0117582F.jpg,0,1,0,0
1228155910,"V0107030F",http://fm-digital-assets.fieldmuseum.org/522/373/V0107030F.jpg,0,1,0,0
1228184476,"V0109581F",http://fm-digital-assets.fieldmuseum.org/516/523/V0109581F.jpg,0,1,0,0
1228194434,"V0117970F",http://fm-digital-assets.fieldmuseum.org/529/878/V0117970F.jpg,1,0,0,0
1228198354,"V0108304F",http://fm-digital-assets.fieldmuseum.org/504/047/V0108304F.jpg,1,0,0,0
1228216619,"V0106115F",http://fm-digital-assets.fieldmuseum.org/520/088/V0106115F.jpg,0,1,0,0
1228284914,"MYRT F 1979062",http://fm-digital-assets.fieldmuseum.org/183/683/MYRT_euge_unif_per_1979062.jpg,0,1,0,0
1228329889,"V0118253F",http://fm-digital-assets.fieldmuseum.org/530/157/V0118253F.jpg,1,0,0,0
1228330775,"V0107380F",http://fm-digital-assets.fieldmuseum.org/495/814/V0107380F.jpg,1,1,0,0
1228386190,"V0120383F",http://fm-digital-assets.fieldmuseum.org/531/844/V0120383F.jpg,0,0,1,0
1228393012,"V0121563F",http://fm-digital-assets.fieldmuseum.org/530/521/V0121563F.jpg,0,0,1,0
1228341858,"V0121564F",http://fm-digital-assets.fieldmuseum.org/530/523/V0121564F.jpg,0,1,0,0
1228396953,"V0108668F",http://fm-digital-assets.fieldmuseum.org/504/442/V0108668F.jpg,0,0,0,1
1228406646,"V0118044F",http://fm-digital-assets.fieldmuseum.org/529/952/V0118044F.jpg,0,1,0,0
1228407395,"V0106402F",http://fm-digital-assets.fieldmuseum.org/521/751/V0106402F.jpg,0,1,0,0
1228436037,"V0107006F",http://fm-digital-assets.fieldmuseum.org/522/349/V0107006F.jpg,1,0,0,0
1228447252,"V0106257F",http://fm-digital-assets.fieldmuseum.org/521/682/V0106257F.jpg,1,1,0,0
1228462123,"V0121123F",http://fm-digital-assets.fieldmuseum.org/532/577/V0121123F.jpg,1,0,0,0
1228509877,"V0117823F",http://fm-digital-assets.fieldmuseum.org/529/731/V0117823F.jpg,0,1,1,0
1228511208,"MYRT F 2119391",http://fm-digital-assets.fieldmuseum.org/189/087/MYRT_marl_umbr_bol_2119391.jpg,1,0,0,0
1228528226,"V0121501F",http://fm-digital-assets.fieldmuseum.org/530/432/V0121501F.jpg,1,1,0,0
1228534877,"V0121434F",http://fm-digital-assets.fieldmuseum.org/530/349/V0121434F.jpg,1,1,0,0
1228598471,"V0121537F",http://fm-digital-assets.fieldmuseum.org/530/483/V0121537F.jpg,0,0,1,0
1228598615,"V0120455F",http://fm-digital-assets.fieldmuseum.org/531/916/V0120455F.jpg,0,0,1,0
1228543475,"V0121180F",http://fm-digital-assets.fieldmuseum.org/532/646/V0121180F.jpg,1,1,0,0
1228546822,"V0107911F",http://fm-digital-assets.fieldmuseum.org/503/599/V0107911F.jpg,1,1,0,0
1228554596,"V0107459F",http://fm-digital-assets.fieldmuseum.org/495/893/V0107459F.jpg,0,1,0,0
1228563812,"MYRT F 565540",http://fm-digital-assets.fieldmuseum.org/167/990/MYRT_camp_arom_bol_565540.jpg,0,1,0,0
1228566478,"V0109188F",http://fm-digital-assets.fieldmuseum.org/504/962/V0109188F.jpg,0,0,0,1
1228590883,"V0120801F",http://fm-digital-assets.fieldmuseum.org/532/226/V0120801F.jpg,0,0,1,0
1228597438,"V0109426F",http://fm-digital-assets.fieldmuseum.org/516/370/V0109426F.jpg,1,1,0,0
1228599915,"V0105333F",http://fm-digital-assets.fieldmuseum.org/515/894/V0105333F.jpg,1,1,0,0
1228600847,"V0109600F",http://fm-digital-assets.fieldmuseum.org/516/542/V0109600F.jpg,0,0,0,1
1228608959,"V0108878F",http://fm-digital-assets.fieldmuseum.org/504/652/V0108878F.jpg,0,0,1,0
1228616444,"V0108416F",http://fm-digital-assets.fieldmuseum.org/504/180/V0108416F.jpg,1,1,0,0
1228617415,"V0117437F",http://fm-digital-assets.fieldmuseum.org/523/329/V0117437F.jpg,0,0,1,0
1228622247,"V0106939F",http://fm-digital-assets.fieldmuseum.org/522/282/V0106939F.jpg,1,1,0,0
1262189035,"V0385295F",http://fm-digital-assets.fieldmuseum.org/1397/943/V0385295F.jpg,1,1,0,0
1262189051,"MYRT_Eugenia_anastomosans_per_IHua9790_c1.jpg",http://fm-digital-assets.fieldmuseum.org/1775/724/MYRT_Eugenia_anastomosans_per_IHua9790_c1.jpg,1,1,0,0
1262189051,"MYRT_Eugenia_anastomosans_per_IHua9791_c1.jpg",http://fm-digital-assets.fieldmuseum.org/1775/725/MYRT_Eugenia_anastomosans_per_IHua9791_c1.jpg,1,1,0,0
1262189066,"V0385293F",http://fm-digital-assets.fieldmuseum.org/1397/941/V0385293F.jpg,0,0,1,0
1262189084,"V0352686F",http://fm-digital-assets.fieldmuseum.org/1394/587/V0352686F.jpg,0,1,0,0
1228633632,"V0107826F",http://fm-digital-assets.fieldmuseum.org/503/514/V0107826F.jpg,0,0,1,0
1265788845,"V0386305F",http://fm-digital-assets.fieldmuseum.org/1433/561/V0386305F.jpg,0,0,1,0
1228166960,"V0138858F",http://fm-digital-assets.fieldmuseum.org/532/864/V0138858F.jpg,1,0,0,0
1228170229,"V0107082F",http://fm-digital-assets.fieldmuseum.org/522/426/V0107082F.jpg,0,0,1,0
1228170765,"V0108984F",http://fm-digital-assets.fieldmuseum.org/504/758/V0108984F.jpg,1,0,0,0
1228181464,"V0107386F",http://fm-digital-assets.fieldmuseum.org/495/820/V0107386F.jpg,0,0,1,0
1228192138,"V0121480F",http://fm-digital-assets.fieldmuseum.org/530/403/V0121480F.jpg,1,1,0,0
1228220306,"V0117938F",http://fm-digital-assets.fieldmuseum.org/529/846/V0117938F.jpg,0,1,1,0
1228409525,"V0106993F",http://fm-digital-assets.fieldmuseum.org/522/336/V0106993F.jpg,0,0,1,0
1228282469,"V0109429F",http://fm-digital-assets.fieldmuseum.org/516/373/V0109429F.jpg,1,0,0,0
1228518291,"V0064864F",http://fm-digital-assets.fieldmuseum.org/61/017/V0064864F.jpg,1,1,0,0
1228169237,"V0107589F",http://fm-digital-assets.fieldmuseum.org/503/276/V0107589F.jpg,1,1,0,0
1228185561,"V0121388F",http://fm-digital-assets.fieldmuseum.org/530/299/V0121388F.jpg,0,1,1,0
1228303841,"V0106292F",http://fm-digital-assets.fieldmuseum.org/520/238/V0106292F.jpg,1,0,0,0
1228305820,"V0106481F",http://fm-digital-assets.fieldmuseum.org/521/830/V0106481F.jpg,0,0,1,0
1228318978,"V0138866F",http://fm-digital-assets.fieldmuseum.org/532/874/V0138866F.jpg,0,1,1,0
1228342763,"V0121936F",http://fm-digital-assets.fieldmuseum.org/530/895/V0121936F.jpg,1,1,0,0
1228511015,"V0107870F",http://fm-digital-assets.fieldmuseum.org/503/558/V0107870F.jpg,1,1,0,0
1228537254,"V0107869F",http://fm-digital-assets.fieldmuseum.org/503/557/V0107869F.jpg,0,1,0,0
1228467728,"V0105510F",http://fm-digital-assets.fieldmuseum.org/516/070/V0105510F.jpg,1,1,0,0
1228474279,"V0121374F",http://fm-digital-assets.fieldmuseum.org/530/285/V0121374F.jpg,0,1,0,0
1228490305,"V0117729F",http://fm-digital-assets.fieldmuseum.org/529/637/V0117729F.jpg,0,0,1,0
1228488411,"V0108776F",http://fm-digital-assets.fieldmuseum.org/504/550/V0108776F.jpg,0,0,1,0
1228511557,"V0117805F",http://fm-digital-assets.fieldmuseum.org/529/713/V0117805F.jpg,1,1,0,0
1228520781,"V0107943F",http://fm-digital-assets.fieldmuseum.org/503/631/V0107943F.jpg,0,0,1,0
1228526133,"V0117447F",http://fm-digital-assets.fieldmuseum.org/523/339/V0117447F.jpg,1,1,0,0
1228528850,"V0105350F",http://fm-digital-assets.fieldmuseum.org/515/911/V0105350F.jpg,0,0,1,0
1228430728,"V0109147F",http://fm-digital-assets.fieldmuseum.org/504/921/V0109147F.jpg,0,1,0,0
1228442830,"V0089137F",http://fm-digital-assets.fieldmuseum.org/313/010/V0089137F.jpg,0,0,1,0
1228468732,"V0117434F",http://fm-digital-assets.fieldmuseum.org/523/326/V0117434F.jpg,0,0,0,1
1228470569,"V0105474F",http://fm-digital-assets.fieldmuseum.org/516/034/V0105474F.jpg,0,0,1,0
1228485849,"V0121435F",http://fm-digital-assets.fieldmuseum.org/530/350/V0121435F.jpg,1,1,0,0
1228331297,"V0109578F",http://fm-digital-assets.fieldmuseum.org/516/520/V0109578F.jpg,0,0,1,0
1228341714,"V0121570F",http://fm-digital-assets.fieldmuseum.org/530/530/V0121570F.jpg,0,0,1,0
1228351230,"V0106524F",http://fm-digital-assets.fieldmuseum.org/521/873/V0106524F.jpg,1,1,0,0
1228417340,"V0105345F",http://fm-digital-assets.fieldmuseum.org/515/906/V0105345F.jpg,1,1,0,0
1228440784,"V0106425F",http://fm-digital-assets.fieldmuseum.org/521/774/V0106425F.jpg,1,0,0,0
1228449021,"V0107918F",http://fm-digital-assets.fieldmuseum.org/503/606/V0107918F.jpg,0,1,0,0
1228468759,"V0109365F",http://fm-digital-assets.fieldmuseum.org/516/323/V0109365F.jpg,0,1,0,0
1228474281,"V0118114F",http://fm-digital-assets.fieldmuseum.org/530/022/V0118114F.jpg,0,0,1,0
1228478533,"V0105383F",http://fm-digital-assets.fieldmuseum.org/515/946/V0105383F.jpg,0,0,1,0
1228490544,"V0121334F",http://fm-digital-assets.fieldmuseum.org/530/250/V0121334F.jpg,1,0,0,0
1228532281,"V0109334F",http://fm-digital-assets.fieldmuseum.org/505/023/V0109334F.jpg,1,0,1,0
1228545613,"V0117302F",http://fm-digital-assets.fieldmuseum.org/523/196/V0117302F.jpg,1,1,0,0
1228557894,"V0108887F",http://fm-digital-assets.fieldmuseum.org/504/661/V0108887F.jpg,0,0,1,0
1228572620,"V0109247F",http://fm-digital-assets.fieldmuseum.org/516/246/V0109247F.jpg,0,1,0,0
1228585302,"V0105960F",http://fm-digital-assets.fieldmuseum.org/519/932/V0105960F.jpg,0,0,1,0
1228585309,"V0118266F",http://fm-digital-assets.fieldmuseum.org/530/170/V0118266F.jpg,1,1,0,0
1228145641,"V0121291F",http://fm-digital-assets.fieldmuseum.org/532/784/V0121291F.jpg,0,0,0,1
1228178180,"V0121407F",http://fm-digital-assets.fieldmuseum.org/530/317/V0121407F.jpg,1,1,0,0
1228183617,"V0108880F",http://fm-digital-assets.fieldmuseum.org/504/654/V0108880F.jpg,0,0,1,0
1228189693,"V0106996F",http://fm-digital-assets.fieldmuseum.org/522/339/V0106996F.jpg,1,1,0,0
1228195099,"V0121411F",http://fm-digital-assets.fieldmuseum.org/523/359/V0121411F.jpg,1,0,0,0
1228202174,"V0105324F",http://fm-digital-assets.fieldmuseum.org/515/884/V0105324F.jpg,1,1,0,0
1228237387,"V0117945F",http://fm-digital-assets.fieldmuseum.org/529/853/V0117945F.jpg,0,1,0,0
1228245765,"V0120803F",http://fm-digital-assets.fieldmuseum.org/532/228/V0120803F.jpg,0,0,1,0
1228280259,"V0109245F",http://fm-digital-assets.fieldmuseum.org/516/244/V0109245F.jpg,0,0,1,0
1228280502,"V0107160F",http://fm-digital-assets.fieldmuseum.org/522/504/V0107160F.jpg,1,1,0,0
1228297109,"V0109222F",http://fm-digital-assets.fieldmuseum.org/504/996/V0109222F.jpg,1,0,0,0
1228305001,"V0120526F",http://fm-digital-assets.fieldmuseum.org/531/987/V0120526F.jpg,0,0,1,0
1228356917,"V0118143F",http://fm-digital-assets.fieldmuseum.org/530/051/V0118143F.jpg,1,1,0,0
1228363755,"V0121314F",http://fm-digital-assets.fieldmuseum.org/530/230/V0121314F.jpg,0,0,0,1
1228387331,"V0105822F",http://fm-digital-assets.fieldmuseum.org/519/791/V0105822F.jpg,1,0,0,0
1228398935,"V0117975F",http://fm-digital-assets.fieldmuseum.org/529/883/V0117975F.jpg,0,1,0,0
1228405059,"V0106186F",http://fm-digital-assets.fieldmuseum.org/520/158/V0106186F.jpg,1,1,0,0
1228405467,"V0107375F",http://fm-digital-assets.fieldmuseum.org/495/809/V0107375F.jpg,0,0,1,0
1228463250,"V0105995F",http://fm-digital-assets.fieldmuseum.org/519/967/V0105995F.jpg,0,0,1,0
1228470795,"MYRT F 2194037",http://fm-digital-assets.fieldmuseum.org/193/475/MYRT_myrc_bica_2194037.jpg,1,0,0,0
1228471836,"V0117952F",http://fm-digital-assets.fieldmuseum.org/529/860/V0117952F.jpg,1,1,0,0
1228485323,"V0105524F",http://fm-digital-assets.fieldmuseum.org/516/084/V0105524F.jpg,0,0,1,0
1228496531,"V0121298F",http://fm-digital-assets.fieldmuseum.org/532/793/V0121298F.jpg,0,1,0,0
1228500267,"V0106097F",http://fm-digital-assets.fieldmuseum.org/520/070/V0106097F.jpg,0,1,0,0
1228504217,"V0107093F",http://fm-digital-assets.fieldmuseum.org/522/437/V0107093F.jpg,1,0,0,0
1228531028,"V0106411F",http://fm-digital-assets.fieldmuseum.org/521/760/V0106411F.jpg,1,1,0,0
1228543246,"V0105881F",http://fm-digital-assets.fieldmuseum.org/519/850/V0105881F.jpg,0,0,0,0
1228573112,"V0121512F",http://fm-digital-assets.fieldmuseum.org/530/447/V0121512F.jpg,0,0,1,0
1228575446,"V0109266F",http://fm-digital-assets.fieldmuseum.org/516/265/V0109266F.jpg,0,1,0,0
1228606605,"V0106454F",http://fm-digital-assets.fieldmuseum.org/521/803/V0106454F.jpg,1,0,0,0
1228619889,"V0105658F",http://fm-digital-assets.fieldmuseum.org/516/214/V0105658F.jpg,1,1,0,0
5070652477,"",http://purl.dlib.indiana.edu/iudl/herbarium/full/IND-0077796,0,1,0,0
5070651712,"",http://purl.dlib.indiana.edu/iudl/herbarium/full/IND-0078018,0,0,1,0
1252639985,"",https://d2jcv3kl45hlgi.cloudfront.net/4c41ffe051bb9bf91cf211fc1de7d6f2.jpg,1,1,0,0
1252640515,"",https://d2jcv3kl45hlgi.cloudfront.net/7912c46441604e585dfefb55069bec77.jpg,0,1,0,0
1252639564,"",https://d2jcv3kl45hlgi.cloudfront.net/649b175780b733b190867ab51baedbee.jpg,0,0,1,0
1252641117,"",https://d2jcv3kl45hlgi.cloudfront.net/1e739425f6d55ede54588ad47142e722.jpg,0,1,0,0
1252640346,"",https://d2jcv3kl45hlgi.cloudfront.net/b1f33c0c63b02174c0aeb8ef024adf4b.jpg,1,0,1,0
1252641521,"",https://d2jcv3kl45hlgi.cloudfront.net/80c883fa39d14936835a3e43c5aa921c.jpg,0,1,0,0
1252641427,"",https://d2jcv3kl45hlgi.cloudfront.net/8c395fec51c996e077fdcc4ae3506231.jpg,0,1,0,0
1451071308,"",https://d2jcv3kl45hlgi.cloudfront.net/6f62b25b6c65399dd6bf42aa0602f837.jpg,1,1,0,0
1451071932,"",https://d2jcv3kl45hlgi.cloudfront.net/304aa619ebdb364bf7caeab7b22ff6a0.jpg,1,0,1,0
1252639568,"",https://d2jcv3kl45hlgi.cloudfront.net/05452d26c3ce4ca64c666667d305b76c.jpg,0,0,1,0
1252641916,"",https://d2jcv3kl45hlgi.cloudfront.net/9d33f18941f29e6e8a782444ee5125f2.jpg,0,1,0,0
1451071921,"",https://d2jcv3kl45hlgi.cloudfront.net/7c82821d72757d03de370690e3af502c.jpg,1,1,0,0
4866493517,"",https://d2jcv3kl45hlgi.cloudfront.net/8b031067c83bfb2bb3485b84a4139a33.jpg,0,0,0,1
4975200845,"",https://d2jcv3kl45hlgi.cloudfront.net/5ba16650becda7fa2f101511dd161ccf.jpg,1,1,0,0
4519398185,"",https://d2jcv3kl45hlgi.cloudfront.net/b9e6992761fb7328d39bd51a093eb0f8.jpg,1,0,0,0
4519388987,"",https://d2jcv3kl45hlgi.cloudfront.net/95554830bb3fce2375fd1befa93ae552.jpg,0,1,0,0
4519395177,"",https://d2jcv3kl45hlgi.cloudfront.net/6add48079abeafe03bc0eb96ccd10bda.jpg,0,0,1,0
4519397163,"",https://d2jcv3kl45hlgi.cloudfront.net/c0026645eb64f2e5ecadd1eb14c21e74.jpg,1,0,0,0
4519398031,"",https://d2jcv3kl45hlgi.cloudfront.net/0b62f85c23f25035218f66f66db84920.jpg,1,0,0,0
1451071498,"",https://d2jcv3kl45hlgi.cloudfront.net/e333476c732bc8c61c3f8a1acc183e91.jpg,0,1,1,0
1451070468,"",https://d2jcv3kl45hlgi.cloudfront.net/c891a7e57809bc33db7b22c417150416.jpg,1,1,0,0
4873790710,"",https://d2jcv3kl45hlgi.cloudfront.net/26245d82d7bce1ee5e8f62d54caa155d.jpg,0,0,1,0
4858955111,"",https://d2jcv3kl45hlgi.cloudfront.net/257c70acba0605c7f9d4492da7e20e41.jpg,0,0,1,0
4866496705,"",https://d2jcv3kl45hlgi.cloudfront.net/2445c6a32c60e4003a2fb945f8eb49d4.jpg,1,0,0,0
912233113,"",https://d2jcv3kl45hlgi.cloudfront.net/193d3a2025fb09c96c54be1458aca388.jpg,1,0,1,0
912233734,"",https://d2jcv3kl45hlgi.cloudfront.net/d92b6b1df5392ba3ac9f08c3daee284d.jpg,1,0,0,0
912285719,"",https://d2jcv3kl45hlgi.cloudfront.net/2a92ebfb24cf1a5130373b682c8a8755.jpg,0,0,1,0
912285879,"",https://d2jcv3kl45hlgi.cloudfront.net/cf1fdaa17b27035f46b5ace6ca3b7356.jpg,1,1,0,0
912287598,"",https://d2jcv3kl45hlgi.cloudfront.net/8e5dbb621e3d5d6723f23d40da77b34b.jpg,0,0,1,0
912293735,"",https://d2jcv3kl45hlgi.cloudfront.net/106996a1707a0364e118c0c1bb837b15.jpg,1,0,0,0
912294099,"",https://d2jcv3kl45hlgi.cloudfront.net/b8e916cbb11f573a64b910458e6bd74f.jpg,0,0,1,0
4996967156,"",https://d2jcv3kl45hlgi.cloudfront.net/3c04c5fe443b84240b51d70bfed01c99.jpg,0,1,0,0
1451070489,"",https://d2jcv3kl45hlgi.cloudfront.net/45af5ad33d646c7c21c0ef636182f8f3.jpg,1,1,0,0
1451072196,"",https://d2jcv3kl45hlgi.cloudfront.net/4ccacfd38820faff0f9b0374818eb1f0.jpg,0,0,1,0
4519388980,"",https://d2jcv3kl45hlgi.cloudfront.net/375ad399b7735987c692372c57df42c7.jpg,0,0,1,0
4519389328,"",https://d2jcv3kl45hlgi.cloudfront.net/9ec82cee367550e47fe46a865f6845bd.jpg,1,0,0,0
4519393997,"",https://d2jcv3kl45hlgi.cloudfront.net/95400df1b4a9f18c0819ed2a562861c2.jpg,0,0,1,0
4519397170,"",https://d2jcv3kl45hlgi.cloudfront.net/6dc1dd783ab8ba4ed48388720f82dbee.jpg,0,0,1,0
4519402199,"",https://d2jcv3kl45hlgi.cloudfront.net/4eac860c9d4abec50611f502cb29e137.jpg,0,1,0,0
5060678667,"",https://d2jcv3kl45hlgi.cloudfront.net/696474b0ceffafbf3ed86c7117dc273d.jpg,1,1,0,0
5060685683,"",https://d2jcv3kl45hlgi.cloudfront.net/327ea4f599679fee398f4734d3dac00b.jpg,1,0,0,0
1252641624,"",https://d2jcv3kl45hlgi.cloudfront.net/5cc9f2e49ba95ff9d1c3b50a972b6154.jpg,1,0,0,0
1451069692,"",https://d2jcv3kl45hlgi.cloudfront.net/b2c642e34bfaf5e6d66eaf5733b235a3.jpg,0,1,0,0
1451072082,"",https://d2jcv3kl45hlgi.cloudfront.net/a66767ccedddbf5214ce65961abaefbc.jpg,1,0,1,0
1451072681,"",https://d2jcv3kl45hlgi.cloudfront.net/0331ccd3559e41f3fcd4018e50d0d266.jpg,0,0,1,0
4519392798,"",https://d2jcv3kl45hlgi.cloudfront.net/23aa72009a8538563269b5a770964a90.jpg,0,0,1,0
912233149,"",https://d2jcv3kl45hlgi.cloudfront.net/c5cfb21039736bd9a21f675098019ce6.jpg,1,1,0,0
912285867,"",https://d2jcv3kl45hlgi.cloudfront.net/eb29716c9c9383f5d687a30eeb8a7545.jpg,0,0,1,0
912286453,"",https://d2jcv3kl45hlgi.cloudfront.net/f085cf1ca563e955022b9989f992fc1a.jpg,0,0,1,0
912286606,"",https://d2jcv3kl45hlgi.cloudfront.net/df7990031754b5f432be8b85486b99c3.jpg,1,1,0,0
912294953,"",https://d2jcv3kl45hlgi.cloudfront.net/1e79bc24e567a88f32654e8c8258d18f.jpg,1,1,0,0
912295055,"",https://d2jcv3kl45hlgi.cloudfront.net/6ac3631b265e33af7308c893ed3071d7.jpg,1,0,0,0
912285478,"",https://d2jcv3kl45hlgi.cloudfront.net/4d400625288edc28ac904ae34792d229.jpg,0,0,0,1
912285927,"",https://d2jcv3kl45hlgi.cloudfront.net/4a7d546a2802d6bbef8a6b9b734536f2.jpg,0,1,0,0
912287023,"",https://d2jcv3kl45hlgi.cloudfront.net/915edc988fe082ee9386eef71172ae8a.jpg,1,1,0,0
912287035,"",https://d2jcv3kl45hlgi.cloudfront.net/a9a14ea4af261331ece221cc039892f0.jpg,1,1,0,0
912287196,"",https://d2jcv3kl45hlgi.cloudfront.net/a281c98646b907072ff834127f3fee32.jpg,0,0,1,0
912287519,"",https://d2jcv3kl45hlgi.cloudfront.net/7ef167d8ac100e7f2b90abd3e75d730c.jpg,0,1,1,0
912287655,"",https://d2jcv3kl45hlgi.cloudfront.net/00464cf5b3a7bfc03803ff8c600777b4.jpg,0,0,1,0
912292898,"",https://d2jcv3kl45hlgi.cloudfront.net/161619e12500576bdbdc6ce103eb3600.jpg,1,0,0,0
912295143,"",https://d2jcv3kl45hlgi.cloudfront.net/5042bd74514399065c6cf3e6c1e50bca.jpg,1,1,0,0
4920369531,"",https://d2jcv3kl45hlgi.cloudfront.net/f3c22cade443b1c685111e030a2c9b0f.jpg,1,1,0,0
912285953,"",https://d2jcv3kl45hlgi.cloudfront.net/5ba39e2d60bab51a0eb5e5370b63cebe.jpg,1,0,0,0
912286973,"",https://d2jcv3kl45hlgi.cloudfront.net/5106b8c8180ecf2bdeeb5dbad86000e4.jpg,0,0,1,0
912287033,"",https://d2jcv3kl45hlgi.cloudfront.net/05886460851963fd80bd0c2b69a6b61e.jpg,0,1,0,0
912287855,"",https://d2jcv3kl45hlgi.cloudfront.net/cab4efc394db6534b48154d782c9278f.jpg,0,0,1,0
912293711,"",https://d2jcv3kl45hlgi.cloudfront.net/e87af4786384bed8bec33193e389c41c.jpg,1,1,0,0
912293753,"",https://d2jcv3kl45hlgi.cloudfront.net/1234021364a8e34d065f45a535b9d516.jpg,1,1,0,0
912293753,"",https://d2jcv3kl45hlgi.cloudfront.net/6c8719404b8561d73e0803ed5ead6139.jpg,1,1,0,0
912293818,"",https://d2jcv3kl45hlgi.cloudfront.net/3a8baa049435da64aeac0c7a74dafb2d.jpg,0,0,1,0
912294171,"",https://d2jcv3kl45hlgi.cloudfront.net/e2cdb65835d907b281fe664028ed9c0a.jpg,1,0,1,0
912079454,"",https://d2jcv3kl45hlgi.cloudfront.net/fefd209c9e6e2685fc62371c4cfa705e.jpg,0,1,0,0
912092757,"",https://d2jcv3kl45hlgi.cloudfront.net/9ac10b7d402e94abaa81ce128ac113b4.jpg,0,0,1,0
912079512,"",https://d2jcv3kl45hlgi.cloudfront.net/496097671a15f49c551836ed4f8c551d.jpg,0,0,1,0
912079325,"",https://d2jcv3kl45hlgi.cloudfront.net/6ae841b8c543648dc2c7ead5033ba54f.jpg,1,1,0,0
912079402,"",https://d2jcv3kl45hlgi.cloudfront.net/76c01b6fbf61a375478df83dd8506bc6.jpg,1,1,0,0
912079539,"",https://d2jcv3kl45hlgi.cloudfront.net/4792f927727fc724c3d01f640e1318f0.jpg,0,0,1,0
912079549,"",https://d2jcv3kl45hlgi.cloudfront.net/2299175579a38752fce221d274ae1a5e.jpg,1,1,0,0
912233175,"",https://d2jcv3kl45hlgi.cloudfront.net/07d80418f4b8f2873d2f4ce1b4f67976.jpg,1,1,0,0
912233572,"",https://d2jcv3kl45hlgi.cloudfront.net/cb81e6c5586dc62a95bd4a6ddc54fc9e.jpg,0,0,1,0
912233708,"",https://d2jcv3kl45hlgi.cloudfront.net/bdb3b865cf9b2310a918cdb02c54fccf.jpg,1,1,0,0
912285385,"",https://d2jcv3kl45hlgi.cloudfront.net/2bdee634f8f146f7d0b6224d05800b72.jpg,0,0,1,0
912286111,"",https://d2jcv3kl45hlgi.cloudfront.net/4778a32c4713560e3ede6772c99bfc2c.jpg,1,1,0,0
912293658,"",https://d2jcv3kl45hlgi.cloudfront.net/f8ad54cce1b93922c6dd814b2415ef10.jpg,1,1,0,0
912293796,"",https://d2jcv3kl45hlgi.cloudfront.net/cac4c61cf8d65a3ead6a8e171fe38a0d.jpg,1,1,0,0
912293991,"",https://d2jcv3kl45hlgi.cloudfront.net/495fb7d2f54a98cb852fa6dae61bdbeb.jpg,1,1,0,0
912294010,"",https://d2jcv3kl45hlgi.cloudfront.net/b2a07053e82bcb99a294fc2cf8eafd79.jpg,0,0,1,0
912294977,"",https://d2jcv3kl45hlgi.cloudfront.net/d9477fb4748873b246ec16ce1160bc28.jpg,1,1,0,0
912233290,"",https://d2jcv3kl45hlgi.cloudfront.net/6d3dccecdc60922cb0f4aea40633d85f.jpg,0,0,1,0
912233457,"",https://d2jcv3kl45hlgi.cloudfront.net/543a4a7c37b070533ce9063172b7ce5a.jpg,1,0,0,0
912287295,"",https://d2jcv3kl45hlgi.cloudfront.net/8a6f0045f8caf87cf568c8071474e193.jpg,0,1,0,0
912292850,"",https://d2jcv3kl45hlgi.cloudfront.net/34e04f09d38653423a583415bb7617e5.jpg,0,0,1,0
912293935,"",https://d2jcv3kl45hlgi.cloudfront.net/5bd230d8f8284ca8de2f4ad605b226a3.jpg,1,0,0,0
912294876,"",https://d2jcv3kl45hlgi.cloudfront.net/3c7c52f7e8e6470cffdcded259d70a4b.jpg,1,0,0,0
912092505,"",https://d2jcv3kl45hlgi.cloudfront.net/d806311b5427509f922e92830ef2b993.jpg,1,0,0,0
912092620,"",https://d2jcv3kl45hlgi.cloudfront.net/ff581c7b5eaa2ca7f7c58094e6592fad.jpg,1,1,0,0
912092776,"",https://d2jcv3kl45hlgi.cloudfront.net/a2cfe05b60a9aef6c78b46577bc81252.jpg,1,0,0,0
912232869,"",https://d2jcv3kl45hlgi.cloudfront.net/ff0a50c932d3e436f3800cf589e0970c.jpg,1,0,0,0
912232948,"",https://d2jcv3kl45hlgi.cloudfront.net/3ed3c72a3ebd49444293d42b2de963e1.jpg,1,1,0,0
912233328,"",https://d2jcv3kl45hlgi.cloudfront.net/49e7901ff7f60c4db4d807c6eba0f915.jpg,1,1,0,0
912285622,"",https://d2jcv3kl45hlgi.cloudfront.net/3b7baaaebf901e67a1cba358df4c4363.jpg,0,1,0,0
912286640,"",https://d2jcv3kl45hlgi.cloudfront.net/209d4dbdfbd58b705abecdc08dc426b6.jpg,0,0,1,0
912287173,"",https://d2jcv3kl45hlgi.cloudfront.net/f3b616a381e04fa66a1890802b11e559.jpg,1,1,0,0
912287393,"",https://d2jcv3kl45hlgi.cloudfront.net/24da09fe3592d71f172f903d0494dbb9.jpg,1,1,0,0
912293126,"",https://d2jcv3kl45hlgi.cloudfront.net/ab2938630ebd3707b0393f9430a0587b.jpg,1,1,0,0
912294181,"",https://d2jcv3kl45hlgi.cloudfront.net/bfc4d400cbe469e7b4ce1933f75d5487.jpg,0,0,1,0
912294467,"",https://d2jcv3kl45hlgi.cloudfront.net/d06b394257cd88fbcae2fa006e397b83.jpg,0,0,1,0
912294966,"",https://d2jcv3kl45hlgi.cloudfront.net/ff8b70a68bb18d4dc42d0faef8a62e27.jpg,0,0,0,0
912294966,"",https://d2jcv3kl45hlgi.cloudfront.net/c0449763a251e70dd8d57d08dbfd26a8.jpg,1,1,0,0
5132688367,"",https://d2jcv3kl45hlgi.cloudfront.net/129682446077c71a245001e3b2dec2c1.jpg,0,1,0,0
4986793893,"",https://d2jcv3kl45hlgi.cloudfront.net/3efdd8f5ece945370d03c09abbe7babc.jpg,0,0,1,0
4988844170,"",https://d2jcv3kl45hlgi.cloudfront.net/0d18e58d02878ac875da5d1ee3cd2534.jpg,0,1,0,0
912079354,"",https://d2jcv3kl45hlgi.cloudfront.net/44e7bb5e138d3d4c50ee325839a5c0e3.jpg,1,1,0,0
1252639598,"",https://d2jcv3kl45hlgi.cloudfront.net/f09dd69c1d3e2f94bf8065170cc9f3b3.jpg,0,1,0,0
1252639717,"",https://d2jcv3kl45hlgi.cloudfront.net/2ba67558544c0cd3735a20a80a382a35.jpg,0,0,1,0
1252639863,"",https://d2jcv3kl45hlgi.cloudfront.net/e1873c36cd032f6d699f43d6758666c1.jpg,0,0,0,1
1252640249,"",https://d2jcv3kl45hlgi.cloudfront.net/19a5bdc14bebdc10bc8309c10359118d.jpg,0,1,0,0
1020042535,"",https://d2jcv3kl45hlgi.cloudfront.net/6cee080fcc336c43365c93b0ed83b18d.jpg,0,1,0,0
1451068005,"",https://d2jcv3kl45hlgi.cloudfront.net/ea02c2ec04380b958dcf1ab7aed79e34.jpg,0,0,0,1
912233143,"",https://d2jcv3kl45hlgi.cloudfront.net/05012896bed08bb4b6d318e9bad185b2.jpg,1,0,0,0
912287352,"",https://d2jcv3kl45hlgi.cloudfront.net/faa6330dc8ce8a3e341bb8e93901a0fa.jpg,1,0,0,0
912287582,"",https://d2jcv3kl45hlgi.cloudfront.net/05830b76c2958ba72b78f75973b5612e.jpg,0,0,1,0
912287675,"",https://d2jcv3kl45hlgi.cloudfront.net/c8b234f4c9c62d04439f8bc79a8101d6.jpg,1,1,0,0
912287684,"",https://d2jcv3kl45hlgi.cloudfront.net/3f87732b61d12facc301a154327790cd.jpg,0,1,0,0
912287790,"",https://d2jcv3kl45hlgi.cloudfront.net/92d85a4d09e571772db9a75db1d2ac31.jpg,1,1,0,0
912294184,"",https://d2jcv3kl45hlgi.cloudfront.net/26c774f8fccdcdb8f6883c3f135c8d15.jpg,1,1,0,0
912294832,"",https://d2jcv3kl45hlgi.cloudfront.net/262db6e8b08305dd05179649737dcb52.jpg,1,1,0,0
5072753649,"",https://d2jcv3kl45hlgi.cloudfront.net/f54bcb6570d4072e9abea71edb1b0352.jpg,0,0,1,0
912399620,"",https://d2jcv3kl45hlgi.cloudfront.net/789bd1c706698ec255de15b4982ada89.jpg,1,1,0,0
5028716875,"",https://d2jcv3kl45hlgi.cloudfront.net/97a57e3204389954d935796398ff39f9.jpg,0,0,1,0
4952030706,"",https://d2jcv3kl45hlgi.cloudfront.net/2d0c3e1a41d1052d9dc2f0411190ed55.jpg,0,1,0,0
912088666,"",https://d2jcv3kl45hlgi.cloudfront.net/b67542061f725ac250c496023da94e05.jpg,0,0,1,0
1252640189,"",https://d2jcv3kl45hlgi.cloudfront.net/0fc8be9dd0b73cc459be0989b141742a.jpg,0,0,1,0
5872184941,"",https://d2jcv3kl45hlgi.cloudfront.net/241ce5116ad0024b9c2883df99ade9ca.jpg,0,0,0,1
1252639530,"",https://d2jcv3kl45hlgi.cloudfront.net/3e2e8f7da1d15618fcfeea8e0f2a4144.jpg,0,0,0,1
1252639059,"",https://d2jcv3kl45hlgi.cloudfront.net/13faca02651712afe658c7c08c3b0f16.jpg,0,0,0,1
1252640587,"",https://d2jcv3kl45hlgi.cloudfront.net/44a3fe19a0881e254d44f47266eac86f.jpg,1,0,0,0
1451072677,"",https://d2jcv3kl45hlgi.cloudfront.net/e21361f8b9daa43394ed2f73a956a091.jpg,0,1,0,0
1451072686,"",https://d2jcv3kl45hlgi.cloudfront.net/c86b3c9d1a63890aac471887866c024f.jpg,0,1,0,0
4519379709,"",https://d2jcv3kl45hlgi.cloudfront.net/7ffa5d4b52ccad224b2d91c233788bc0.jpg,0,0,1,0
4519387779,"",https://d2jcv3kl45hlgi.cloudfront.net/bef6c24dea3855c1a61183e364c3ebb6.jpg,0,1,0,0
4519390170,"",https://d2jcv3kl45hlgi.cloudfront.net/d3398c9b265378942aff2722d8e490cb.jpg,0,0,1,0
4519393355,"",https://d2jcv3kl45hlgi.cloudfront.net/a7a44f0c0a9a457abd9fde3e6a74873b.jpg,0,0,1,0
4519393823,"",https://d2jcv3kl45hlgi.cloudfront.net/1de3b5102c31562a944bfae84bade98f.jpg,0,1,0,0
4519394015,"",https://d2jcv3kl45hlgi.cloudfront.net/c7f10a31eaca2d0681b24e1a06de0705.jpg,0,0,0,1
1451072027,"",https://d2jcv3kl45hlgi.cloudfront.net/2951d755d8286b6d007447efd5c51be7.jpg,1,1,0,0
4519383824,"",https://d2jcv3kl45hlgi.cloudfront.net/da80b34bca3c39ad65c2b30947849241.jpg,1,0,0,0
4519381793,"",https://d2jcv3kl45hlgi.cloudfront.net/f2321dd7abb8bb6336ddedad3cff5aea.jpg,1,0,0,0
4519387519,"",https://d2jcv3kl45hlgi.cloudfront.net/5ea2ac96f4b1707c7e3a8e7dd6fec34d.jpg,0,0,0,1
4519388154,"",https://d2jcv3kl45hlgi.cloudfront.net/4fe30bd5b27ea7a6f1bb215ad91c0c62.jpg,0,0,1,0
4519391983,"",https://d2jcv3kl45hlgi.cloudfront.net/b856587c2fda80550b1b2a810074d2ec.jpg,0,0,1,0
1252639901,"",https://d2jcv3kl45hlgi.cloudfront.net/af7dfff60ddc2b0ca7bdeb578cea6948.jpg,0,0,1,0
1252640504,"",https://d2jcv3kl45hlgi.cloudfront.net/e0c273eade7cac71aa893ff3d469ed58.jpg,0,1,1,0
4519383714,"",https://d2jcv3kl45hlgi.cloudfront.net/5fd821c928853e150fa395ae1bf56643.jpg,1,0,0,0
4519386314,"",https://d2jcv3kl45hlgi.cloudfront.net/fc1b968765a66010ee4320de87b50183.jpg,1,1,0,0
4519387003,"",https://d2jcv3kl45hlgi.cloudfront.net/5078e761c92e7df713e43f5caecb2c55.jpg,0,1,0,0
4519392981,"",https://d2jcv3kl45hlgi.cloudfront.net/9eab3f7083a25abcedc70df66347d08b.jpg,1,0,0,0
4519393816,"",https://d2jcv3kl45hlgi.cloudfront.net/dda32127e9f537001fdc07c1775ee50f.jpg,0,0,1,0
912285979,"",https://d2jcv3kl45hlgi.cloudfront.net/fd1988fcee86eb38f0c63d407098376b.jpg,0,1,0,0
4519375712,"",https://d2jcv3kl45hlgi.cloudfront.net/6d60d18184c3b0e7789e63830e201615.jpg,0,1,0,0
1252641017,"",https://d2jcv3kl45hlgi.cloudfront.net/119495989681e0037afa9f733e557371.jpg,0,0,1,0
1252641607,"",https://d2jcv3kl45hlgi.cloudfront.net/bbdcc82dfe208a92c6020f953ff244c6.jpg,0,1,0,0
4958573413,"",https://d2jcv3kl45hlgi.cloudfront.net/2676087d1a4ea5aaefd6a7a9df2dfcb8.jpg,0,0,0,1
1451072728,"",https://d2jcv3kl45hlgi.cloudfront.net/0825e9b56d774860dcb79ca026db6e32.jpg,0,0,1,0
4519375811,"",https://d2jcv3kl45hlgi.cloudfront.net/3b97d0f59f1b2d5853538ff61d1c5be5.jpg,1,1,0,0
4519384973,"",https://d2jcv3kl45hlgi.cloudfront.net/9aba65babfdb9003c498756a81df8629.jpg,1,0,0,0
4519390964,"",https://d2jcv3kl45hlgi.cloudfront.net/7d5c8bf2114aac8b696a7bb0c4d862eb.jpg,1,0,0,0
4519393319,"",https://d2jcv3kl45hlgi.cloudfront.net/e1c9471025291ef5164580b9385ff13a.jpg,1,1,0,0
4519397168,"",https://d2jcv3kl45hlgi.cloudfront.net/f38121de31f0e562e55ce29c23de3bca.jpg,0,0,1,0
912079471,"",https://d2jcv3kl45hlgi.cloudfront.net/34c25a62bc0847e4a1c5ab66eddf07ac.jpg,1,0,0,0
912079497,"",https://d2jcv3kl45hlgi.cloudfront.net/f880f74885167bb90aa6bc2e4859a056.jpg,0,0,1,0
912233226,"",https://d2jcv3kl45hlgi.cloudfront.net/fae3258cec7d57973f502034d02efb4a.jpg,1,0,0,0
912233293,"",https://d2jcv3kl45hlgi.cloudfront.net/11e08af4070cf5dd33bb8155c54c162c.jpg,1,0,0,0
912285993,"",https://d2jcv3kl45hlgi.cloudfront.net/8449c8066b9f5b0ece44c4f257747157.jpg,0,0,1,0
912286072,"",https://d2jcv3kl45hlgi.cloudfront.net/53f86bf404957f7be0f3cb68789828f4.jpg,1,1,0,0
912286352,"",https://d2jcv3kl45hlgi.cloudfront.net/0888ddf1b5f977aae6749e261d2ca136.jpg,1,1,0,0
912286600,"",https://d2jcv3kl45hlgi.cloudfront.net/708aca8e654ac270b3da047914e3cf88.jpg,1,1,0,0
912287074,"",https://d2jcv3kl45hlgi.cloudfront.net/5ddc594ebec6b7bb05d77a3afda3860f.jpg,0,0,0,1
912287424,"",https://d2jcv3kl45hlgi.cloudfront.net/00251fbd678fe042a35d65d32be30b6c.jpg,1,0,0,0
912287483,"",https://d2jcv3kl45hlgi.cloudfront.net/4b02893181fcfd2d99382aeeb8059e1e.jpg,0,0,1,0
912287500,"",https://d2jcv3kl45hlgi.cloudfront.net/8d5d8ae3be4b1548e5bda24c962ee665.jpg,0,0,1,0
912287716,"",https://d2jcv3kl45hlgi.cloudfront.net/01989bfb0b42814717e237c0eaf4ec1b.jpg,1,1,0,0
912292849,"",https://d2jcv3kl45hlgi.cloudfront.net/b49dd7f0d9dbeaa944e1eedff70dcecb.jpg,0,0,1,0
4986795913,"",https://d2jcv3kl45hlgi.cloudfront.net/09a160a8da6fc417d18f2dc0768b0475.jpg,1,0,0,0
4975175699,"",https://d2jcv3kl45hlgi.cloudfront.net/7410b72fc2b076114f9123bc09650ce0.jpg,1,1,0,0
4954084349,"",https://d2jcv3kl45hlgi.cloudfront.net/5b6544fccd1f0535b59734d2ca5147fb.jpg,1,1,0,0
912079088,"",https://d2jcv3kl45hlgi.cloudfront.net/71aff1bb214a9ca790c5bb1cca43544a.jpg,0,0,1,0
912079937,"",https://d2jcv3kl45hlgi.cloudfront.net/185fbed002cd18046bed6999c42c939a.jpg,1,1,1,0
2270565555,"",https://swbiodiversity.org/media/swnode/ASU_Plants/ASU0066/ASU0066789_print.jpg,0,1,0,0
2270565563,"",https://swbiodiversity.org/media/swnode/ASU_Plants/ASU0066/ASU0066648_print.jpg,1,0,0,0
2270566017,"",https://media01.symbiota.org/media/h_seinet/seinet/ASU/ASU0066/ASU0066653_lg.jpg,1,0,0,0
2270566528,"",https://swbiodiversity.org/media/swnode/ASU_Plants/ASU0008/ASU0008639_print.jpg,0,0,1,0
2270566664,"",https://media01.symbiota.org/media/h_seinet/seinet/ASU/ASU0066/ASU0066752_lg.jpg,0,0,1,0
2270568720,"",https://media01.symbiota.org/media/h_seinet/seinet/ASU/201304/DSC09484_lg.jpg,0,0,1,0
2270568720,"",https://media01.symbiota.org/media/h_seinet/seinet/ASU/ASU0075/ASU0075033_lg.jpg,0,0,1,0
2270514874,"",https://media01.symbiota.org/media/h_seinet/seinet/ASU/ASU0052/ASU0052915_lg.jpg,1,1,0,0
2270542494,"",https://swbiodiversity.org/media/swnode/ASU_Plants/ASU0018/ASU0018877_print.jpg,0,0,0,1
2270554432,"",https://media01.symbiota.org/media/h_seinet/seinet/ASU/ASU0034/ASU0034944_lg.jpg,0,0,0,1
2270556616,"",https://media01.symbiota.org/media/h_seinet/seinet/ASU/ASU0057/ASU0057490_lg.jpg,0,1,0,0
2270556616,"",https://media01.symbiota.org/media/h_seinet/seinet/ASU/ASU0057/ASU0057490a_lg.jpg,0,1,0,0
2270512386,"",https://swbiodiversity.org/media/swnode/ASU_Plants/ASU0052/ASU0052523_print.jpg,0,0,1,0
2270532198,"",https://media01.symbiota.org/media/h_seinet/seinet/ASU/ASU0056/ASU0056897_lg.jpg,0,0,0,1
2270554602,"",https://media01.symbiota.org/media/h_seinet/seinet/ASU/201111/Myrceugenia_planipes-11604.jpg,0,0,1,0
2270554602,"",https://media01.symbiota.org/media/h_seinet/seinet/ASU/ASU0059/ASU0059812_lg.jpg,0,0,1,0
2270555641,"",https://media01.symbiota.org/media/h_seinet/seinet/ASU/ASU0059/ASU0059712_lg.jpg,0,0,0,1
2270556427,"",https://swbiodiversity.org/media/swnode/ASU_Plants/ASU0057/ASU0057317_print.jpg,0,0,0,1
2270559568,"",https://swbiodiversity.org/media/swnode/ASU_Plants/ASU0060/ASU0060346_print.jpg,1,1,0,0
2270559619,"",https://media01.symbiota.org/media/h_seinet/seinet/ASU/ASU0057/ASU0057364_lg.jpg,0,0,1,0
2270560267,"",https://media01.symbiota.org/media/h_seinet/seinet/ASU/ASU0060/ASU0060323_lg.jpg,0,1,1,0
2270562281,"",https://media01.symbiota.org/media/h_seinet/seinet/ASU/ASU0018/ASU0018728_lg.jpg,0,0,1,0
2270562389,"",https://swbiodiversity.org/media/swnode/ASU_Plants/ASU0061/ASU0061707_print.jpg,0,1,0,0
2270563272,"",https://media01.symbiota.org/media/h_seinet/seinet/ASU/ASU0018/ASU0018768_lg.jpg,0,0,1,0
2270514472,"",https://media01.symbiota.org/media/h_seinet/seinet/ASU/ASU0052/ASU0052923_lg.jpg,1,1,0,0
2270515933,"",https://swbiodiversity.org/media/swnode/ASU_Plants/ASU0052/ASU0052941_print.jpg,1,1,0,0
2270541730,"",https://media01.symbiota.org/media/h_seinet/seinet/ASU/ASU0304/ASU0304869_lg.jpg,0,0,0,1
2270556293,"",https://media01.symbiota.org/media/h_seinet/seinet/ASU/ASU0059/ASU0059716_lg.jpg,1,1,0,0
2270558914,"",https://media01.symbiota.org/media/h_seinet/seinet/ASU_Plants/201408/ASU0018676_1408744097_lg.jpg,1,0,0,0
2270560443,"",https://swbiodiversity.org/media/swnode/ASU_Plants/ASU0033/ASU0033092_print.jpg,0,0,0,1
2270561513,"",https://media01.symbiota.org/media/h_seinet/seinet/ASU/ASU0061/ASU0061748_lg.jpg,0,0,1,0
2270561698,"",https://media01.symbiota.org/media/h_seinet/seinet/ASU/ASU0061/ASU0061574_lg.jpg,0,0,1,0
2270563982,"",https://media01.symbiota.org/media/h_seinet/seinet/ASU/ASU0066/ASU0066732_lg.jpg,0,0,1,0
2270597977,"",https://media01.symbiota.org/media/h_seinet/seinet/ASU_Plants/201505/ASU0086309_1433034266_lg.jpg,0,0,1,0
2270670380,"",https://media01.symbiota.org/media/h_seinet/seinet/ASU/ASU0009/ASU0009257_lg.jpg,1,1,0,0
2270672093,"",https://swbiodiversity.org/media/swnode/ASU_Plants/ASU0008/ASU0008813_print.jpg,0,0,1,0
2270683818,"",https://swbiodiversity.org/media/swnode/ASU_Plants/ASU0383/ASU0383378_print.jpg,0,0,1,0
2270684963,"",https://swbiodiversity.org/media/swnode/ASU_Plants/ASU0016/ASU0016940_print.jpg,0,0,1,0
2270685766,"",https://swbiodiversity.org/media/swnode/ASU_Plants/ASU0050/ASU0050012_print.jpg,0,0,1,0
2270692568,"",https://swbiodiversity.org/media/swnode/ASU_Plants/ASU0052/ASU0052993_print.jpg,0,1,0,0
2270467954,"",https://media01.symbiota.org/media/h_seinet/seinet/ASU/ASU0051/ASU0051788_lg.jpg,0,1,0,0
2270469584,"",https://media01.symbiota.org/media/h_seinet/seinet/ASU/ASU0056/ASU0056149_lg.jpg,0,0,1,0
2270480393,"",https://media01.symbiota.org/media/h_seinet/seinet/ASU/ASU0006/ASU0006720_lg.jpg,0,0,0,1
2270481606,"",https://media01.symbiota.org/media/h_seinet/seinet/ASU/ASU0007/ASU0007466_lg.jpg,0,0,1,0
2270482123,"",https://swbiodiversity.org/media/swnode/ASU_Plants/ASU0007/ASU0007402_print.jpg,1,1,0,0
2270482269,"",https://swbiodiversity.org/media/swnode/ASU_Plants/ASU0015/ASU0015606_print.jpg,0,1,0,0
2270483378,"",https://media01.symbiota.org/media/h_seinet/seinet/ASU/ASU0004/ASU0004833_lg.jpg,0,1,0,0
2270483623,"",https://media01.symbiota.org/media/h_seinet/seinet/ASU/ASU0004/ASU0004930_lg.jpg,0,0,0,1
2270484217,"",https://media01.symbiota.org/media/h_seinet/seinet/ASU/ASU0006/ASU0006083_lg.jpg,1,1,0,0
2270484743,"",https://swbiodiversity.org/media/swnode/ASU_Plants/ASU0006/ASU0006718_print.jpg,1,0,0,0
2270679137,"",https://swbiodiversity.org/media/swnode/ASU_Plants/ASU0056/ASU0056940_print.jpg,1,0,0,0
2270679944,"",https://media01.symbiota.org/media/h_seinet/seinet/ASU/ASU_Plants/ASU0034/ASU0034538_lg.jpg,0,0,0,1
2270682634,"",https://swbiodiversity.org/media/swnode/ASU_Plants/ASU0055/ASU0055184_print.jpg,1,0,0,0
2270683486,"",https://media01.symbiota.org/media/h_seinet/seinet/ASU/ASU0056/ASU0056082_lg.jpg,0,0,1,0
2270683493,"",https://media01.symbiota.org/media/h_seinet/seinet/ASU/ASU0035/ASU0035055_lg.jpg,0,0,0,1
2270683924,"",https://swbiodiversity.org/media/swnode/ASU_Plants/ASU0034/ASU0034736_print.jpg,1,1,0,0
2270684614,"",https://media01.symbiota.org/media/h_seinet/seinet/ASU/ASU0034/ASU0034933_lg.jpg,0,1,0,0
2270684776,"",https://swbiodiversity.org/media/swnode/ASU_Plants/ASU0055/ASU0055291_print.jpg,1,0,0,0
2270686952,"",https://media01.symbiota.org/media/h_seinet/seinet/ASU/ASU0018/ASU0018959_lg.jpg,0,1,0,0
2270686952,"",https://media01.symbiota.org/media/h_seinet/seinet/ASU/ASU0018/ASU0018959a_lg.jpg,0,1,0,0
2270692487,"",https://swbiodiversity.org/media/swnode/ASU_Plants/ASU0052/ASU0052798_print.jpg,1,1,0,0
2270555075,"",https://swbiodiversity.org/media/swnode/ASU_Plants/ASU0018/ASU0018515_print.jpg,1,1,0,0
2270556521,"",https://media01.symbiota.org/media/h_seinet/seinet/ASU/ASU0057/ASU0057391_lg.jpg,1,0,0,0
2270517874,"",https://media01.symbiota.org/media/h_seinet/seinet/ASU/ASU0053/ASU0053026_lg.jpg,0,0,1,0
2270558569,"",https://swbiodiversity.org/media/swnode/ASU_Plants/ASU0059/ASU0059757_print.jpg,1,1,0,0
2270559364,"",https://media01.symbiota.org/media/h_seinet/seinet/ASU/ASU0057/ASU0057242_lg.jpg,0,0,1,0
2270560203,"",https://media01.symbiota.org/media/h_seinet/seinet/ASU/ASU0043/ASU0043146_lg.jpg,1,0,1,0
2270561268,"",https://media01.symbiota.org/media/h_seinet/seinet/ASU/ASU0061/ASU0061702_lg.jpg,0,0,1,0
2270680154,"",https://swbiodiversity.org/media/swnode/ASU_Plants/ASU0034/ASU0034625_print.jpg,0,0,1,0
2270684995,"",https://media01.symbiota.org/media/h_seinet/seinet/ASU/ASU0055/ASU0055083_lg.jpg,0,1,0,0
2270685826,"",https://media01.symbiota.org/media/h_seinet/seinet/ASU/ASU0005/ASU0005178_lg.jpg,0,0,1,0
2270685826,"",https://media01.symbiota.org/media/h_seinet/seinet/ASU/ASU0005/ASU0005178a_lg.jpg,0,0,1,0
2270669901,"",https://media01.symbiota.org/media/h_seinet/seinet/ASU/ASU0009/ASU0009414_lg.jpg,1,0,0,0
2270669966,"",https://swbiodiversity.org/media/swnode/ASU_Plants/ASU0009/ASU0009275_print.jpg,1,1,0,0
2270674063,"",https://media01.symbiota.org/media/h_seinet/seinet/ASU/ASU0050/ASU0050126_lg.jpg,0,1,0,0
2270674901,"",https://swbiodiversity.org/media/swnode/ASU_Plants/ASU0010/ASU0010168_print.jpg,1,1,0,0
2270674902,"",https://media01.symbiota.org/media/h_seinet/seinet/ASU/ASU0060/ASU0060693_lg.jpg,1,1,0,0
2270675152,"",https://media01.symbiota.org/media/h_seinet/seinet/ASU/ASU0009/ASU0009857_lg.jpg,0,0,1,0
2270676175,"",https://media01.symbiota.org/media/h_seinet/seinet/ASU/ASU0055/ASU0055282_lg.jpg,1,1,0,0
2270676495,"",https://media01.symbiota.org/media/h_seinet/seinet/ASU/ASU0009/ASU0009383_lg.jpg,0,0,1,0
2270676674,"",https://swbiodiversity.org/media/swnode/ASU_Plants/ASU0055/ASU0055681_print.jpg,1,1,0,0
2270676836,"",https://swbiodiversity.org/media/swnode/ASU_Plants/ASU0043/ASU0043317_print.jpg,0,0,1,0
2270677008,"",https://media01.symbiota.org/media/h_seinet/seinet/ASU/ASU0055/ASU0055477_lg.jpg,1,0,0,0
2270677600,"",https://swbiodiversity.org/media/swnode/ASU_Plants/ASU0055/ASU0055875_print.jpg,1,0,0,0
2270677894,"",https://media01.symbiota.org/media/h_seinet/seinet/ASU/ASU0050/ASU0050082_lg.jpg,1,0,0,0
2270678325,"",https://media01.symbiota.org/media/h_seinet/seinet/ASU/ASU0055/ASU0055656_lg.jpg,1,0,0,0
2270678369,"",https://media01.symbiota.org/media/h_seinet/seinet/ASU/ASU0054/ASU0054822_lg.jpg,0,1,0,0
2270678574,"",https://swbiodiversity.org/media/swnode/ASU_Plants/ASU0055/ASU0055379_print.jpg,0,0,1,0
2270680660,"",https://swbiodiversity.org/media/swnode/ASU_Plants/ASU0054/ASU0054934_print.jpg,1,0,0,0
2270685203,"",https://swbiodiversity.org/media/swnode/ASU_Plants/ASU0005/ASU0005179_print.jpg,0,1,0,0
2270687949,"",https://media01.symbiota.org/media/h_seinet/seinet/ASU/ASU0019/ASU0019016_lg.jpg,0,0,1,0
2270514024,"",https://media01.symbiota.org/media/h_seinet/seinet/ASU/ASU0052/ASU0052525_lg.jpg,1,1,0,0
2270550072,"",https://swbiodiversity.org/media/swnode/ASU_Plants/ASU0305/ASU0305324_print.jpg,0,0,1,0
2270557424,"",https://swbiodiversity.org/media/swnode/ASU_Plants/ASU0057/ASU0057597_print.jpg,1,0,0,0
2270557747,"",https://swbiodiversity.org/media/swnode/ASU_Plants/ASU0018/ASU0018622_print.jpg,0,0,1,0
2270557804,"",https://media01.symbiota.org/media/h_seinet/seinet/ASU/ASU0057/ASU0057410_lg.jpg,1,1,0,0
2270558658,"",https://media01.symbiota.org/media/h_seinet/seinet/ASU/ASU0059/ASU0059742_lg.jpg,0,1,0,0
2270558774,"",https://swbiodiversity.org/media/swnode/ASU_Plants/ASU0043/ASU0043132_print.jpg,1,1,0,0
2270562030,"",https://media01.symbiota.org/media/h_seinet/seinet/ASU/ASU0061/ASU0061728_lg.jpg,0,0,1,0
2270562084,"",https://swbiodiversity.org/media/swnode/ASU_Plants/ASU0061/ASU0061596_print.jpg,0,1,0,0
2270564601,"",https://media01.symbiota.org/media/h_seinet/seinet/ASU/ASU0066/ASU0066651_lg.jpg,0,1,0,0
2270564876,"",https://swbiodiversity.org/media/swnode/ASU_Plants/ASU0066/ASU0066793_print.jpg,0,1,0,0
2270574601,"",https://media01.symbiota.org/media/h_seinet/seinet/ASU/ASU_Plants/ASU0077/ASU0077595_lg.jpg,0,0,1,0
2270670680,"",https://media01.symbiota.org/media/h_seinet/seinet/ASU/ASU0008/ASU0008775_lg.jpg,0,1,0,0
2270671187,"",https://media01.symbiota.org/media/h_seinet/seinet/ASU/ASU0009/ASU0009226blg.jpg,1,0,0,0
2270671187,"",https://media01.symbiota.org/media/h_seinet/seinet/ASU/ASU0009/ASU0009226lg.jpg,1,1,0,0
2270671617,"",https://swbiodiversity.org/media/swnode/ASU_Plants/ASU0009/ASU0009999_print.jpg,1,1,0,0
2270673608,"",https://media01.symbiota.org/media/h_seinet/seinet/ASU/ASU0008/ASU0008877_lg.jpg,1,1,0,0
2270674038,"",https://swbiodiversity.org/media/swnode/ASU_Plants/ASU0035/ASU0035086_print.jpg,1,1,0,0
2270674120,"",https://media01.symbiota.org/media/h_seinet/seinet/ASU/ASU0009/ASU0009700_lg.jpg,1,1,0,0
2270674660,"",https://media01.symbiota.org/media/h_seinet/seinet/ASU/ASU0034/ASU0034292_lg.jpg,0,0,1,0
2270674922,"",https://media01.symbiota.org/media/h_seinet/seinet/ASU/ASU0009/ASU0009391_lg.jpg,1,0,0,0
2270675731,"",https://swbiodiversity.org/media/swnode/ASU_Plants/ASU0055/ASU0055740_print.jpg,1,0,0,0
2270675958,"",https://swbiodiversity.org/media/swnode/ASU_Plants/ASU0034/ASU0034125_print.jpg,1,1,0,0
2270676101,"",https://media01.symbiota.org/media/h_seinet/seinet/ASU/ASU0034/ASU0034718_lg.jpg,0,1,1,0
2270676272,"",https://media01.symbiota.org/media/h_seinet/seinet/ASU/ASU0033/ASU0033021_lg.jpg,0,0,1,0
2270676272,"",https://media01.symbiota.org/media/h_seinet/seinet/ASU/ASU0033/ASU0033021blg.jpg,0,0,1,0
2270676272,"",https://swbiodiversity.org/media/swnode/ASU_Plants/ASU0033/ASU0033021_print.jpg,0,0,1,0
2270676296,"",https://media01.symbiota.org/media/h_seinet/seinet/ASU/ASU0034/ASU0034807_lg.jpg,0,0,0,1
2270676638,"",https://swbiodiversity.org/media/swnode/ASU_Plants/ASU0034/ASU0034311_print.jpg,0,0,1,0
2270676694,"",https://swbiodiversity.org/media/swnode/ASU_Plants/ASU0055/ASU0055582_print.jpg,0,0,1,0
2270677506,"",https://swbiodiversity.org/media/swnode/ASU_Plants/ASU0060/ASU0060667_print.jpg,1,1,0,0
2270677573,"",https://swbiodiversity.org/media/swnode/ASU_Plants/ASU0055/ASU0055909_print.jpg,1,0,0,0
2270677641,"",https://swbiodiversity.org/media/swnode/ASU_Plants/ASU0055/ASU0055380_print.jpg,1,0,0,0
2270677736,"",https://media01.symbiota.org/media/h_seinet/seinet/ASU/ASU0056/ASU0056024_lg.jpg,0,1,0,0
2270677757,"",https://media01.symbiota.org/media/h_seinet/seinet/ASU/ASU0056/ASU0056119_lg.jpg,0,0,1,0
2270678122,"",https://swbiodiversity.org/media/swnode/ASU_Plants/ASU0056/ASU0056233_print.jpg,1,1,0,0
2270678449,"",https://media01.symbiota.org/media/h_seinet/seinet/ASU/ASU0055/ASU0055144_lg.jpg,1,0,0,0
2270678449,"",https://media01.symbiota.org/media/h_seinet/seinet/ASU/ASU0055/ASU0055144a_lg.jpg,1,0,0,0
2270679236,"",https://media01.symbiota.org/media/h_seinet/seinet/ASU/ASU0056/ASU0056860_lg.jpg,1,0,0,0
2270679362,"",https://swbiodiversity.org/media/swnode/ASU_Plants/ASU0055/ASU0055452_print.jpg,1,1,0,0
2270679391,"",https://swbiodiversity.org/media/swnode/ASU_Plants/ASU0055/ASU0055659_print.jpg,1,0,0,0
2270679521,"",https://media01.symbiota.org/media/h_seinet/seinet/ASU/ASU0050/ASU0050017_lg.jpg,1,0,0,0
2270679521,"",https://media01.symbiota.org/media/h_seinet/seinet/ASU/ASU0050/ASU0050017a_lg.jpg,1,0,0,0
2270681069,"",https://media01.symbiota.org/media/h_seinet/seinet/ASU/ASU0030/ASU0030499_lg.jpg,0,0,1,0
2270682475,"",https://swbiodiversity.org/media/swnode/ASU_Plants/ASU0054/ASU0054907_print.jpg,0,0,1,0
2270682798,"",https://swbiodiversity.org/media/swnode/ASU_Plants/ASU0055/ASU0055305_print.jpg,0,0,1,0
2270683309,"",https://media01.symbiota.org/media/h_seinet/seinet/ASU/ASU0055/ASU0055896_lg.jpg,1,0,0,0
2270683442,"",https://media01.symbiota.org/media/h_seinet/seinet/ASU/ASU0035/ASU0035080_lg.jpg,0,0,1,0
2270690454,"",https://media01.symbiota.org/media/h_seinet/seinet/ASU/ASU0055/ASU0055761_lg.jpg,1,1,0,0
2270691929,"",https://media01.symbiota.org/media/h_seinet/seinet/ASU/ASU0052/ASU0052778_lg.jpg,0,0,0,1
2270494196,"",https://swbiodiversity.org/media/swnode/ASU_Plants/ASU0299/ASU0299381_print.jpg,1,1,0,0
2270537084,"",https://media01.symbiota.org/media/h_seinet/seinet/ASU/ASU0301/ASU0301448_lg.jpg,0,1,0,0
2270557205,"",https://media01.symbiota.org/media/h_seinet/seinet/ASU/ASU0033/ASU0033134_lg.jpg,0,0,1,0
2270558120,"",https://swbiodiversity.org/media/swnode/ASU_Plants/ASU0018/ASU0018665_print.jpg,1,0,0,0
2270558153,"",https://media01.symbiota.org/media/h_seinet/seinet/ASU/ASU0057/ASU0057439_lg.jpg,0,1,0,0
2270558191,"",https://swbiodiversity.org/media/swnode/ASU_Plants/ASU0060/ASU0060334_print.jpg,0,0,1,0
2270564760,"",https://swbiodiversity.org/media/swnode/ASU_Plants/ASU0066/ASU0066745_print.jpg,1,0,0,0
2270565747,"",https://media01.symbiota.org/media/h_seinet/seinet/ASU/ASU0066/ASU0066690_lg.jpg,1,1,0,0
2270566813,"",https://swbiodiversity.org/media/swnode/ASU_Plants/ASU0066/ASU0066689_print.jpg,1,1,0,0
2270572742,"",https://swbiodiversity.org/media/swnode/ASU_Plants/ASU0080/ASU0080690_print.jpg,1,0,0,0
2270573235,"",https://swbiodiversity.org/media/swnode/ASU_Plants/ASU0080/ASU0080775_print.jpg,1,1,0,0
2270669346,"",https://swbiodiversity.org/media/swnode/ASU_Plants/ASU0009/ASU0009272_print.jpg,1,1,0,0
2270673773,"",https://media01.symbiota.org/media/h_seinet/seinet/ASU/ASU0009/ASU0009085_lg.jpg,0,0,0,1
2270674145,"",https://swbiodiversity.org/media/swnode/ASU_Plants/ASU0008/ASU0008774_print.jpg,0,1,1,0
2270674771,"",https://swbiodiversity.org/media/swnode/ASU_Plants/ASU0010/ASU0010112_print.jpg,0,0,1,0
2270674885,"",https://media01.symbiota.org/media/h_seinet/seinet/ASU/ASU0010/ASU0010017_lg.jpg,0,0,1,0
2270674993,"",https://media01.symbiota.org/media/h_seinet/seinet/ASU/ASU0016/ASU0016919_lg.jpg,1,1,0,0
2270675611,"",https://media01.symbiota.org/media/h_seinet/seinet/ASU/ASU0055/ASU0055718_lg.jpg,0,1,0,0
2270675692,"",https://swbiodiversity.org/media/swnode/ASU_Plants/ASU0055/ASU0055475_print.jpg,0,0,1,0
2270676408,"",https://media01.symbiota.org/media/h_seinet/seinet/ASU/ASU0034/ASU0034948_lg.jpg,0,0,0,1
2270677365,"",https://media01.symbiota.org/media/h_seinet/seinet/ASU/ASU0055/ASU0055730_lg.jpg,0,1,1,0
2270677379,"",https://swbiodiversity.org/media/swnode/ASU_Plants/ASU0055/ASU0055450_print.jpg,0,1,0,0
2270677432,"",https://media01.symbiota.org/media/h_seinet/seinet/ASU/ASU0056/ASU0056022_lg.jpg,0,0,1,0
2270677486,"",https://swbiodiversity.org/media/swnode/ASU_Plants/ASU0056/ASU0056232_print.jpg,0,1,0,0
2270677739,"",https://media01.symbiota.org/media/h_seinet/seinet/ASU/ASU0054/ASU0054159_lg.jpg,0,1,0,0
2270677891,"",https://swbiodiversity.org/media/swnode/ASU_Plants/ASU0056/ASU0056933_print.jpg,0,0,0,1
2270678109,"",https://media01.symbiota.org/media/h_seinet/seinet/ASU/ASU0055/ASU0055275_lg.jpg,1,0,0,0
2270678276,"",https://media01.symbiota.org/media/h_seinet/seinet/ASU/ASU0055/ASU0055860_lg.jpg,0,0,1,0
2270678479,"",https://media01.symbiota.org/media/h_seinet/seinet/ASU/ASU0055/ASU0055932_lg.jpg,0,0,0,1
2270678940,"",https://media01.symbiota.org/media/h_seinet/seinet/ASU/ASU0056/ASU0056254_lg.jpg,1,1,0,0
2270679018,"",https://swbiodiversity.org/media/swnode/ASU_Plants/ASU0051/ASU0051754_print.jpg,1,0,0,0
2270679728,"",https://media01.symbiota.org/media/h_seinet/seinet/ASU/ASU0050/ASU0050060_lg.jpg,1,0,0,0
2270682108,"",https://swbiodiversity.org/media/swnode/ASU_Plants/ASU0056/ASU0056061_print.jpg,0,0,1,0
2270682428,"",https://media01.symbiota.org/media/h_seinet/seinet/ASU/ASU0043/ASU0043293_lg.jpg,0,0,1,0
2270682428,"",https://media01.symbiota.org/media/h_seinet/seinet/ASU/ASU0043/ASU0043293alg.jpg,0,0,1,0
2270682692,"",https://swbiodiversity.org/media/swnode/ASU_Plants/ASU0042/ASU0042901_print.jpg,0,0,1,0
2270684017,"",https://swbiodiversity.org/media/swnode/ASU_Plants/ASU0008/ASU0008799_print.jpg,0,0,1,0
2270678237,"",https://media01.symbiota.org/media/h_seinet/seinet/ASU/ASU0056/ASU0056201_lg.jpg,1,0,0,0
2270683055,"",https://swbiodiversity.org/media/swnode/ASU_Plants/ASU0056/ASU0056093_print.jpg,1,0,0,0
2270683251,"",https://media01.symbiota.org/media/h_seinet/seinet/ASU/ASU0050/ASU0050150_lg.jpg,1,1,0,0
2270683977,"",https://swbiodiversity.org/media/swnode/ASU_Plants/ASU0054/ASU0054937_print.jpg,1,1,0,0
2270685613,"",https://media01.symbiota.org/media/h_seinet/seinet/ASU/ASU0007/ASU0007353_lg.jpg,0,0,1,0
2270686385,"",https://media01.symbiota.org/media/h_seinet/seinet/ASU/ASU0034/ASU0034440_lg.jpg,0,1,0,0
2884934350,"",https://media01.symbiota.org/media/seinet/swnode/ASU_Plants/202006/leaves_5377_1592261071_lg.jpg,0,0,0,1
3762893483,"",https://swbiodiversity.org/media/swnode/ASU_Plants/ASU0321/ASU0321272_print.jpg,0,0,0,1
2270460616,"",https://media01.symbiota.org/media/h_seinet/seinet/ASU/ASU0008/ASU0008022_lg.jpg,0,0,1,0
2270465857,"",https://swbiodiversity.org/media/swnode/ASU_Plants/ASU0034/ASU0034378_print.jpg,1,1,0,0
2270465857,"",https://media01.symbiota.org/media/h_seinet/seinet/Myrtaceae/herb_sheets/Euginv155712C.jpg,1,1,0,0
2270466545,"",https://media01.symbiota.org/media/h_seinet/seinet/ASU/ASU0008/ASU0008652_lg.jpg,1,1,0,0
2270468261,"",https://media01.symbiota.org/media/h_seinet/seinet/ASU/ASU0019/ASU0019013_lg.jpg,0,0,1,0
2270472309,"",https://media01.symbiota.org/media/h_seinet/seinet/ASU/ASU0010/ASU0010505_lg.jpg,0,1,0,0
2270479292,"",https://swbiodiversity.org/media/swnode/ASU_Plants/ASU0008/ASU0008261_print.jpg,1,0,0,0
2270482073,"",https://swbiodiversity.org/media/swnode/ASU_Plants/ASU0006/ASU0006699_print.jpg,1,1,0,0
2270482826,"",https://swbiodiversity.org/media/swnode/ASU_Plants/ASU0004/ASU0004840_print.jpg,1,1,0,0
2270517175,"",https://swbiodiversity.org/media/swnode/ASU_Plants/ASU0052/ASU0052935_print.jpg,1,0,0,0
2270673316,"",https://swbiodiversity.org/media/swnode/ASU_Plants/ASU0009/ASU0009843_print.jpg,1,0,0,0
2270673416,"",https://media01.symbiota.org/media/h_seinet/seinet/ASU/ASU0009/ASU0009649_lg.jpg,1,1,0,0
2270674399,"",https://media01.symbiota.org/media/h_seinet/seinet/ASU/ASU0009/ASU0009826_lg.jpg,0,0,1,0
2270674625,"",https://media01.symbiota.org/media/h_seinet/seinet/ASU/ASU0034/ASU0034367_lg.jpg,1,1,0,0
2270674850,"",https://swbiodiversity.org/media/swnode/ASU_Plants/ASU0034/ASU0034097_print.jpg,0,0,0,1
2270675286,"",https://swbiodiversity.org/media/swnode/ASU_Plants/ASU0050/ASU0050071_print.jpg,0,0,1,0
2270675317,"",https://media01.symbiota.org/media/h_seinet/seinet/ASU/ASU0043/ASU0043253_lg.jpg,1,1,0,0
2270675317,"",https://media01.symbiota.org/media/h_seinet/seinet/ASU/ASU0043/ASU0043253alg.jpg,0,1,0,0
2270675317,"",https://media01.symbiota.org/media/h_seinet/seinet/ASU/ASU0043/ASU0043253blg.jpg,1,1,0,0
2270675435,"",https://media01.symbiota.org/media/h_seinet/seinet/ASU/ASU0034/ASU0034116_lg.jpg,0,1,0,0
2270675935,"",https://media01.symbiota.org/media/h_seinet/seinet/ASU/ASU0043/ASU0043407_lg.jpg,1,1,0,0
2270675935,"",https://media01.symbiota.org/media/h_seinet/seinet/ASU/ASU0043/ASU0043407alg.jpg,1,1,0,0
2270675970,"",https://media01.symbiota.org/media/h_seinet/seinet/ASU/ASU0034/ASU0034678_lg.jpg,1,1,0,0
2270675970,"",https://media01.symbiota.org/media/h_seinet/seinet/ASU/ASU0034/ASU0034678a_lg.jpg,1,1,0,0
2270676142,"",https://swbiodiversity.org/media/swnode/ASU_Plants/ASU0050/ASU0050157_print.jpg,1,1,1,0
2270676386,"",https://swbiodiversity.org/media/swnode/ASU_Plants/ASU0055/ASU0055258_print.jpg,1,1,0,0
2270676411,"",https://media01.symbiota.org/media/h_seinet/seinet/ASU/ASU0016/ASU0016893_lg.jpg,1,1,0,0
2270676517,"",https://media01.symbiota.org/media/h_seinet/seinet/ASU/ASU0051/ASU0051761_lg.jpg,0,0,1,0
2270676985,"",https://swbiodiversity.org/media/swnode/ASU_Plants/ASU0034/ASU0034755_print.jpg,1,1,0,0
2270677057,"",https://swbiodiversity.org/media/swnode/ASU_Plants/ASU0056/ASU0056123_print.jpg,1,1,0,0
2270677058,"",https://swbiodiversity.org/media/swnode/ASU_Plants/ASU0050/ASU0050159_print.jpg,1,0,0,0
2270677445,"",https://media01.symbiota.org/media/h_seinet/seinet/ASU/ASU0050/ASU0050145_lg.jpg,0,0,1,0
2270677520,"",https://media01.symbiota.org/media/h_seinet/seinet/ASU/ASU0056/ASU0056291_lg.jpg,1,1,0,0
2270678828,"",https://swbiodiversity.org/media/swnode/ASU_Plants/ASU0056/ASU0056852_print.jpg,1,0,0,0
2270680231,"",https://media01.symbiota.org/media/h_seinet/seinet/ASU/ASU0019/ASU0019690_lg.jpg,1,1,0,0
2270680264,"",https://swbiodiversity.org/media/swnode/ASU_Plants/ASU0030/ASU0030487_print.jpg,0,0,1,0
2270682284,"",https://swbiodiversity.org/media/swnode/ASU_Plants/ASU0055/ASU0055668_print.jpg,0,1,0,0
2270682637,"",https://media01.symbiota.org/media/h_seinet/seinet/ASU/ASU0034/ASU0034420_lg.jpg,0,0,1,0
2270684549,"",https://swbiodiversity.org/media/swnode/ASU_Plants/ASU0008/ASU0008622_print.jpg,0,0,1,0
2270685942,"",https://media01.symbiota.org/media/h_seinet/seinet/ASU/ASU0055/ASU0055292_lg.jpg,0,0,1,0
2270686361,"",https://media01.symbiota.org/media/h_seinet/seinet/ASU/ASU0055/ASU0055699_lg.jpg,1,0,0,0
2270686667,"",https://media01.symbiota.org/media/h_seinet/seinet/ASU/ASU0055/ASU0055958_lg.jpg,0,0,1,0
2618319362,"",https://media01.symbiota.org/media/h_seinet/seinet/ASU/ASU0307/ASU0307135_lg.jpg,0,0,1,0
2884934481,"",https://media01.symbiota.org/media/seinet/swnode/ASU_Plants/ASU0311/LRL-12323-33716_1734370614_lg.jpg,0,0,0,1
2884934481,"",https://media01.symbiota.org/media/seinet/swnode/ASU_Plants/ASU0311/PXL_20241214_185932153_1734370648_lg.jpg,0,0,0,1
2270467551,"",https://media01.symbiota.org/media/h_seinet/seinet/ASU/ASU0055/ASU0055320_lg.jpg,1,1,0,0
2270467861,"",https://swbiodiversity.org/media/swnode/ASU_Plants/ASU0008/ASU0008527_print.jpg,1,1,0,0
2270468213,"",https://media01.symbiota.org/media/h_seinet/seinet/ASU/ASU0009/ASU0009245_lg.jpg,0,0,1,0
2270468819,"",https://media01.symbiota.org/media/h_seinet/seinet/ASU/ASU0018/ASU0018568_lg.jpg,0,0,1,0
2270469568,"",https://media01.symbiota.org/media/h_seinet/seinet/ASU/ASU0019/ASU0019002_lg.jpg,0,1,0,0
2270473295,"",https://media01.symbiota.org/media/h_seinet/seinet/ASU/ASU0010/ASU0010506_lg.jpg,1,1,0,0
2270482131,"",https://media01.symbiota.org/media/h_seinet/seinet/ASU/ASU0015/ASU0015623_lg.jpg,1,0,0,0
2270482599,"",https://swbiodiversity.org/media/swnode/ASU_Plants/ASU0008/ASU0008073_print.jpg,1,1,0,0
2270483234,"",https://media01.symbiota.org/media/h_seinet/seinet/ASU/ASU0005/ASU0005032a_lg.jpg,1,0,0,0
2270483234,"",https://swbiodiversity.org/media/swnode/ASU_Plants/ASU0005/ASU0005032_print.jpg,1,0,0,0
3762875414,"",https://swbiodiversity.org/media/swnode/ASU_Plants/ASU0320/ASU0320681_print.jpg,0,0,0,1
2270533199,"",https://swbiodiversity.org/media/swnode/ASU_Plants/ASU0057/ASU0057139_print.jpg,0,0,1,0
2270543395,"",https://swbiodiversity.org/media/swnode/ASU_Plants/ASU0057/ASU0057653_print.jpg,0,0,0,1
2270543480,"",https://swbiodiversity.org/media/swnode/ASU_Plants/ASU0018/ASU0018852_print.jpg,1,1,0,0
2270580870,"",https://media01.symbiota.org/media/seinet/swnode/ASU_Plants/ASU0083/ASU0083572_lg.jpg,0,1,0,0
2270588329,"",https://media01.symbiota.org/media/h_seinet/seinet/Myrtaceae/herb_sheets/Eugchi207743C.jpg,1,0,0,0
2270588329,"",https://media01.symbiota.org/media/h_seinet/seinet/ASU/ASU0034/ASU0034039_lg.jpg,1,1,0,0
2270557357,"",https://media01.symbiota.org/media/h_seinet/seinet/ASU/ASU0057/ASU0057497_lg.jpg,0,0,1,0
2270557824,"",https://swbiodiversity.org/media/swnode/ASU_Plants/ASU0043/ASU0043010_print.jpg,0,0,1,0
2270558939,"",https://media01.symbiota.org/media/h_seinet/seinet/ASU/ASU0057/ASU0057236_lg.jpg,0,1,0,0
2270559501,"",https://media01.symbiota.org/media/h_seinet/seinet/ASU/ASU0060/ASU0060496a_lg.jpg,0,1,0,0
2270469056,"",https://swbiodiversity.org/media/swnode/ASU_Plants/ASU0009/ASU0009404_print.jpg,0,0,1,0
2270481421,"",https://swbiodiversity.org/media/swnode/ASU_Plants/ASU0007/ASU0007318_print.jpg,0,0,1,0
2270482864,"",https://media01.symbiota.org/media/h_seinet/seinet/ASU/ASU0004/ASU0004861_lg.jpg,0,0,0,1
2270483317,"",https://media01.symbiota.org/media/h_seinet/seinet/ASU/ASU0007/ASU0007550_lg.jpg,1,1,0,0
2270483334,"",https://media01.symbiota.org/media/h_seinet/seinet/ASU/ASU0007/ASU0007464_lg.jpg,0,0,1,0
2270674492,"",https://media01.symbiota.org/media/h_seinet/seinet/ASU/ASU0034/ASU0034037_lg.jpg,1,1,0,0
2270674623,"",https://media01.symbiota.org/media/h_seinet/seinet/ASU/ASU0034/ASU0034688_lg.jpg,0,0,1,0
2270672110,"",https://swbiodiversity.org/media/swnode/ASU_Plants/ASU0010/ASU0010043_print.jpg,0,0,1,0
2270672842,"",https://media01.symbiota.org/media/h_seinet/seinet/ASU/ASU0009/ASU0009966_lg.jpg,1,0,0,0
2270672842,"",https://media01.symbiota.org/media/h_seinet/seinet/ASU/ASU0009/ASU0009966a_lg.jpg,1,0,0,0
2270675048,"",https://swbiodiversity.org/media/swnode/ASU_Plants/ASU0010/ASU0010022_print.jpg,1,1,0,0
2270675199,"",https://media01.symbiota.org/media/h_seinet/seinet/ASU/ASU0050/ASU0050057_lg.jpg,0,0,1,0
2270675291,"",https://media01.symbiota.org/media/h_seinet/seinet/ASU/ASU0034/ASU0034720_lg.jpg,1,0,0,0
2270675477,"",https://media01.symbiota.org/media/h_seinet/seinet/ASU/ASU0009/ASU0009392_lg.jpg,0,0,1,0
2270675512,"",https://swbiodiversity.org/media/swnode/ASU_Plants/ASU0054/ASU0054802_print.jpg,0,0,1,0
2270466587,"",https://media01.symbiota.org/media/h_seinet/seinet/ASU/ASU0010/ASU0010169_lg.jpg,0,1,0,0
2270467516,"",https://media01.symbiota.org/media/h_seinet/seinet/ASU/ASU0015/ASU0015645_lg.jpg,0,0,1,0
2270685044,"",https://swbiodiversity.org/media/swnode/ASU_Plants/ASU0055/ASU0055665_print.jpg,0,1,0,0
2270685114,"",https://media01.symbiota.org/media/h_seinet/seinet/ASU/ASU0050/ASU0050185_lg.jpg,1,0,0,0
2270685191,"",https://swbiodiversity.org/media/swnode/ASU_Plants/ASU0008/ASU0008623_print.jpg,0,1,0,0
2270687292,"",https://swbiodiversity.org/media/swnode/ASU_Plants/ASU0034/ASU0034675_print.jpg,1,0,0,0
2270688479,"",https://swbiodiversity.org/media/swnode/ASU_Plants/ASU0055/ASU0055635_print.jpg,0,0,1,0
2270466668,"",https://swbiodiversity.org/media/swnode/ASU_Plants/ASU0008/ASU0008562_print.jpg,1,1,0,0
2270466668,"",https://media01.symbiota.org/media/h_seinet/seinet/Myrtaceae/herb_sheets/Amomel191838C.jpg,1,0,0,0
2270467464,"",https://swbiodiversity.org/media/swnode/ASU_Plants/ASU0015/ASU0015741_print.jpg,0,0,1,0
2270467707,"",https://swbiodiversity.org/media/swnode/ASU_Plants/ASU0009/ASU0009249_print.jpg,0,0,1,0
2270467772,"",https://swbiodiversity.org/media/swnode/ASU_Plants/ASU0034/ASU0034961_print.jpg,0,0,1,0
2618307358,"",https://media01.symbiota.org/media/seinet/swnode/ASU_Plants/ASU0306/ASU0306779_lg.jpg,0,0,1,0
2270471959,"",https://swbiodiversity.org/media/swnode/ASU_Plants/ASU0010/ASU0010504_print.jpg,0,1,0,0
2270481636,"",https://media01.symbiota.org/media/h_seinet/seinet/ASU/ASU0015/ASU0015625_lg.jpg,0,0,0,1
2270670649,"",https://swbiodiversity.org/media/swnode/ASU_Plants/ASU0009/ASU0009237_print.jpg,1,1,0,0
2270671235,"",https://media01.symbiota.org/media/h_seinet/seinet/ASU/ASU0009/ASU0009250_lg.jpg,0,0,1,0
2270673692,"",https://swbiodiversity.org/media/swnode/ASU_Plants/ASU0009/ASU0009951_print.jpg,1,0,1,0
2270673873,"",https://swbiodiversity.org/media/swnode/ASU_Plants/ASU0043/ASU0043267_print.jpg,1,0,0,0
2270673912,"",https://media01.symbiota.org/media/h_seinet/seinet/ASU/ASU0009/ASU0009964_lg.jpg,0,0,1,0
2270673912,"",https://media01.symbiota.org/media/h_seinet/seinet/ASU/ASU0009/ASU0009964a_lg.jpg,0,0,1,0
2270674345,"",https://media01.symbiota.org/media/h_seinet/seinet/ASU/ASU0009/ASU0009831_lg.jpg,1,1,0,0
2270674363,"",https://swbiodiversity.org/media/swnode/ASU_Plants/ASU0043/ASU0043434_print.jpg,0,1,0,0
2270674959,"",https://media01.symbiota.org/media/h_seinet/seinet/ASU/ASU0034/ASU0034098_lg.jpg,0,0,1,0
2270674026,"",https://swbiodiversity.org/media/swnode/ASU_Plants/ASU0008/ASU0008777_print.jpg,0,1,0,0
2270675082,"",https://swbiodiversity.org/media/swnode/ASU_Plants/ASU0043/ASU0043249_print.jpg,0,1,0,0
2270675205,"",https://media01.symbiota.org/media/h_seinet/seinet/ASU/ASU0034/ASU0034828_lg.jpg,1,1,0,0
2270675373,"",https://swbiodiversity.org/media/swnode/ASU_Plants/ASU0042/ASU0042915_print.jpg,1,1,0,0
2270675781,"",https://swbiodiversity.org/media/swnode/ASU_Plants/ASU0043/ASU0043214_print.jpg,1,1,0,0
2270675792,"",https://swbiodiversity.org/media/swnode/ASU_Plants/ASU0050/ASU0050107_print.jpg,1,0,1,0
2270468686,"",https://media01.symbiota.org/media/h_seinet/seinet/ASU/ASU0034/ASU0034667_lg.jpg,0,0,1,0
2270481865,"",https://swbiodiversity.org/media/swnode/ASU_Plants/ASU0004/ASU0004919_print.jpg,0,0,1,0
2270482395,"",https://media01.symbiota.org/media/h_seinet/seinet/ASU/ASU0008/ASU0008069_lg.jpg,0,0,1,0
2270483739,"",https://media01.symbiota.org/media/h_seinet/seinet/ASU/ASU0015/ASU0015695_lg.jpg,1,1,0,0
2270483804,"",https://swbiodiversity.org/media/swnode/ASU_Plants/ASU0005/ASU0005056_print.jpg,0,0,1,0
2270484104,"",https://media01.symbiota.org/media/h_seinet/seinet/ASU/ASU0007/ASU0007517_lg.jpg,1,1,0,0
2270684051,"",https://media01.symbiota.org/media/h_seinet/seinet/ASU/ASU0034/ASU0034474_lg.jpg,1,0,0,0
2270690266,"",https://swbiodiversity.org/media/swnode/ASU_Plants/ASU0383/ASU0383696_print.jpg,0,1,1,0
2270701342,"",https://api.idigbio.org/v2/media/a79a506c060fa1f96be8b646bb541d32?size=fullsize,0,1,0,0
2270677985,"",https://media01.symbiota.org/media/h_seinet/seinet/ASU/ASU0055/ASU0055709_lg.jpg,1,0,0,0
2270678851,"",https://media01.symbiota.org/media/h_seinet/seinet/ASU/ASU0055/ASU0055922_lg.jpg,0,1,0,0
2270679102,"",https://swbiodiversity.org/media/swnode/ASU_Plants/ASU0056/ASU0056985_print.jpg,1,1,0,0
2270679111,"",https://swbiodiversity.org/media/swnode/ASU_Plants/ASU0383/ASU0383615_print.jpg,1,0,0,0
2270680499,"",https://media01.symbiota.org/media/h_seinet/seinet/ASU/ASU0034/ASU0034240_lg.jpg,0,0,1,0
2270680994,"",https://media01.symbiota.org/media/h_seinet/seinet/ASU/ASU0050/ASU0050109_lg.jpg,1,0,1,0
2270681458,"",https://media01.symbiota.org/media/h_seinet/seinet/ASU/ASU0054/ASU0054739_lg.jpg,1,1,1,0
2270681458,"",https://media01.symbiota.org/media/h_seinet/seinet/ASU/ASU0054/ASU0054739a_lg.jpg,1,1,0,0
2270682371,"",https://media01.symbiota.org/media/h_seinet/seinet/ASU/ASU0055/ASU0055935_lg.jpg,1,1,0,0
2270682586,"",https://swbiodiversity.org/media/swnode/ASU_Plants/ASU0055/ASU0055898_print.jpg,1,0,0,0
2242465716,"Myrcia splendens (Sw.) DC. - Belize, Cayo Distr. (BARCODE: 220002) - USF Herbarium",https://cdn.plantatlas.org/img/specimens/USF/220002.jpg,1,0,0,0
1503217827,"Psidium guajava L. - USA, Florida (BARCODE: 191640) - USF Herbarium",https://cdn.plantatlas.org/img/specimens/USF/191640.jpg,0,0,1,0
1503218195,"Eugenia axillaris (Sw.) Willd. - USA, Florida (BARCODE: 192439) - USF Herbarium",https://cdn.plantatlas.org/img/specimens/USF/192439.jpg,0,0,1,0
2242465518,"Myrcia sylvatica (G. Mey.) DC. - Suriname (BARCODE: 154047) - USF Herbarium",https://cdn.plantatlas.org/img/specimens/USF/154047.jpg,1,1,0,0
2243333867,"Psidium guajava L. - Honduras, Francisco Morazán Dept. (BARCODE: 195623) - USF Herbarium",https://cdn.plantatlas.org/img/specimens/USF/195623.jpg,0,0,1,0
1503172780,"Eugenia axillaris (Sw.) Willd. - USA, Florida (BARCODE: 111794) - USF Herbarium",https://cdn.plantatlas.org/img/specimens/USF/111794.jpg,0,0,1,0
1503245631,"Eugenia foetida Pers. - USA, Florida (BARCODE: 235614) - USF Herbarium",https://cdn.plantatlas.org/img/specimens/USF/235614.jpg,0,0,0,1
1503255431,"Eugenia axillaris (Sw.) Willd. - USA, Florida (BARCODE: 248170) - USF Herbarium",https://cdn.plantatlas.org/img/specimens/USF/248170.jpg,0,0,0,1
2243334074,"Psidium guajava L. - Honduras, Francisco Morazán Dept. (BARCODE: 194515) - USF Herbarium",https://cdn.plantatlas.org/img/specimens/USF/194515.jpg,1,1,0,0
1503179385,"Eugenia foetida Pers. - USA, Florida (BARCODE: 125467) - USF Herbarium",https://cdn.plantatlas.org/img/specimens/USF/125467.jpg,0,0,1,0
1503222730,"Eugenia foetida Pers. - USA, Florida (BARCODE: 201366) - USF Herbarium",https://cdn.plantatlas.org/img/specimens/USF/201366.jpg,0,0,1,0
1632927911,"Eugenia uniflora L. - USA, Florida (BARCODE: 292405) - USF Herbarium",https://cdn.plantatlas.org/img/specimens/USF/292405.jpg,0,0,1,0
1423918845,"",http://jbrj-public-img.s3-sa-east-1.amazonaws.com/JPG/rb/1/14/82/57/01148257.jpg,1,1,0,0
1424512802,"",http://jbrj-public-img.s3-sa-east-1.amazonaws.com/JPG/rb/0/98/17/76/00981776.jpg,1,0,0,0
1844893444,"",http://jbrj-public-img.s3-sa-east-1.amazonaws.com/JPG/rb/1/38/78/31/01387831.jpg,1,1,0,0
1913950246,"",http://jbrj-public-img.s3-sa-east-1.amazonaws.com/JPG/rb/1/39/88/66/01398866.jpg,0,1,0,0
2992943332,"",http://jbrj-public-img.s3-sa-east-1.amazonaws.com/JPG/rb/1/43/42/86/01434286.jpg,1,0,0,0
3802866358,"",http://jbrj-public-img.s3-sa-east-1.amazonaws.com/JPG/rb/1/46/20/69/01462069.jpg,0,0,1,0
4079375432,"",http://jbrj-public-img.s3-sa-east-1.amazonaws.com/JPG/rb/1/48/50/20/01485020.jpg,1,1,0,0
4911257280,"",http://jbrj-public-img.s3-sa-east-1.amazonaws.com/JPG/rb/1/55/48/58/01554858.jpg,1,0,0,0
4975911726,"",http://jbrj-public-img.s3-sa-east-1.amazonaws.com/JPG/rb/1/57/22/82/01572282.jpg,0,0,0,1
5100796422,"",http://jbrj-public-img.s3-sa-east-1.amazonaws.com/JPG/rb/1/58/12/27/01581227.jpg,0,0,0,1
1423897403,"",http://jbrj-public-img.s3-sa-east-1.amazonaws.com/JPG/rb/1/4/5/83/01040583.jpg,0,0,1,0
1423899823,"",http://jbrj-public-img.s3-sa-east-1.amazonaws.com/JPG/rb/1/6/49/17/01064917.jpg,1,1,0,0
3704813306,"",http://jbrj-public-img.s3-sa-east-1.amazonaws.com/JPG/rb/1/45/17/19/01451719.jpg,1,1,0,0
1424067720,"",http://jbrj-public-img.s3-sa-east-1.amazonaws.com/JPG/rb/0/30/64/66/00306466.jpg,0,0,1,0
1424072474,"",http://jbrj-public-img.s3-sa-east-1.amazonaws.com/JPG/rb/0/31/13/45/00311345.jpg,0,0,1,0
1424072713,"",http://jbrj-public-img.s3-sa-east-1.amazonaws.com/JPG/rb/0/31/15/90/00311590.jpg,1,1,0,0
1424174514,"",http://jbrj-public-img.s3-sa-east-1.amazonaws.com/JPG/rb/0/44/14/76/00441476.jpg,0,0,1,0
1424182659,"",http://jbrj-public-img.s3-sa-east-1.amazonaws.com/JPG/rb/0/44/88/28/00448828.jpg,1,1,0,0
3704822476,"",http://jbrj-public-img.s3-sa-east-1.amazonaws.com/JPG/rb/1/45/60/95/01456095.jpg,0,0,1,0
4537176554,"",http://jbrj-public-img.s3-sa-east-1.amazonaws.com/JPG/rb/1/51/20/68/01512068.jpg,0,0,1,0
4911256750,"",http://jbrj-public-img.s3-sa-east-1.amazonaws.com/JPG/rb/1/55/15/45/01551545.jpg,1,0,0,0
5867702584,"",http://jbrj-public-img.s3-sa-east-1.amazonaws.com/JPG/rb/1/59/14/31/01591431.jpg,0,1,0,0
5867705135,"",http://jbrj-public-img.s3-sa-east-1.amazonaws.com/JPG/rb/1/58/67/12/01586712.jpg,0,1,0,0
1423896297,"",http://jbrj-public-img.s3-sa-east-1.amazonaws.com/JPG/rb/1/3/25/77/01032577.jpg,1,1,0,0
1423918962,"",http://jbrj-public-img.s3-sa-east-1.amazonaws.com/JPG/rb/1/14/84/82/01148482.jpg,1,0,0,0
1423936761,"",http://jbrj-public-img.s3-sa-east-1.amazonaws.com/JPG/rb/1/19/16/47/01191647.jpg,0,0,1,0
1424155422,"",http://jbrj-public-img.s3-sa-east-1.amazonaws.com/JPG/rb/0/42/27/79/00422779.jpg,0,0,0,1
1424174629,"",http://jbrj-public-img.s3-sa-east-1.amazonaws.com/JPG/rb/0/44/15/70/00441570.jpg,0,0,1,0
1424240144,"",http://jbrj-public-img.s3-sa-east-1.amazonaws.com/JPG/rb/0/52/33/5/00523305.jpg,0,0,0,1
1424272050,"",http://jbrj-public-img.s3-sa-east-1.amazonaws.com/JPG/rb/0/55/83/12/00558312.jpg,1,0,0,0
1423912174,"",http://jbrj-public-img.s3-sa-east-1.amazonaws.com/JPG/rb/1/13/2/96/01130296.jpg,1,1,0,0
1423935786,"",http://jbrj-public-img.s3-sa-east-1.amazonaws.com/JPG/rb/1/18/93/22/01189322.jpg,1,0,0,0
1423937587,"",http://jbrj-public-img.s3-sa-east-1.amazonaws.com/JPG/rb/1/19/28/5/01192805.jpg,0,0,1,0
1424069932,"",http://jbrj-public-img.s3-sa-east-1.amazonaws.com/JPG/rb/0/30/87/3/00308703.jpg,0,0,1,0
1424071770,"",http://jbrj-public-img.s3-sa-east-1.amazonaws.com/JPG/rb/0/31/5/47/00310547.jpg,1,0,0,0
1424073824,"",http://jbrj-public-img.s3-sa-east-1.amazonaws.com/JPG/rb/0/31/26/85/00312685.jpg,0,0,1,0
1424075799,"",http://jbrj-public-img.s3-sa-east-1.amazonaws.com/JPG/rb/0/31/46/79/00314679.jpg,1,1,0,0
1424077723,"",http://jbrj-public-img.s3-sa-east-1.amazonaws.com/JPG/rb/0/31/67/45/00316745.jpg,0,0,1,0
1424077846,"",http://jbrj-public-img.s3-sa-east-1.amazonaws.com/JPG/rb/0/31/68/15/00316815.jpg,0,0,0,1
1424205308,"",http://jbrj-public-img.s3-sa-east-1.amazonaws.com/JPG/rb/0/47/62/54/00476254.jpg,1,1,0,0
1424506170,"",http://jbrj-public-img.s3-sa-east-1.amazonaws.com/JPG/rb/0/93/69/44/00936944.jpg,1,0,0,0
1837458268,"",http://jbrj-public-img.s3-sa-east-1.amazonaws.com/JPG/rb/1/38/37/27/01383727.jpg,0,0,1,0
1851288778,"",http://jbrj-public-img.s3-sa-east-1.amazonaws.com/JPG/rb/1/39/10/18/01391018.jpg,1,0,0,0
1455706674,"",http://jbrj-public-img.s3-sa-east-1.amazonaws.com/JPG/rb/1/29/84/92/01298492.jpg,1,0,0,0
2284428680,"",http://jbrj-public-img.s3-sa-east-1.amazonaws.com/JPG/rb/1/41/38/31/01413831.jpg,1,1,0,0
3126861310,"",http://jbrj-public-img.s3-sa-east-1.amazonaws.com/JPG/rb/1/43/92/97/01439297.jpg,0,0,1,0
3342711326,"",http://jbrj-public-img.s3-sa-east-1.amazonaws.com/JPG/rb/1/44/40/27/01444027.jpg,1,0,0,0
3413872343,"",http://jbrj-public-img.s3-sa-east-1.amazonaws.com/JPG/rb/1/44/92/50/01449250.jpg,0,0,0,1
3704831362,"",http://jbrj-public-img.s3-sa-east-1.amazonaws.com/JPG/rb/1/45/35/47/01453547.jpg,1,1,0,0
3912825461,"",http://jbrj-public-img.s3-sa-east-1.amazonaws.com/JPG/rb/1/46/51/41/01465141.jpg,0,0,1,0
3912830390,"",http://jbrj-public-img.s3-sa-east-1.amazonaws.com/JPG/rb/1/46/45/16/01464516.jpg,1,1,0,0
3994742322,"",http://jbrj-public-img.s3-sa-east-1.amazonaws.com/JPG/rb/1/47/45/78/01474578.jpg,1,1,0,0
2242327546,"",http://jbrj-public-img.s3-sa-east-1.amazonaws.com/JPG/rb/1/40/87/95/01408795.jpg,0,0,1,0
2312219213,"",http://jbrj-public-img.s3-sa-east-1.amazonaws.com/JPG/rb/1/41/51/94/01415194.jpg,1,0,0,0
3068478324,"",http://jbrj-public-img.s3-sa-east-1.amazonaws.com/JPG/rb/1/43/67/40/01436740.jpg,0,0,1,0
3068489355,"",http://jbrj-public-img.s3-sa-east-1.amazonaws.com/JPG/rb/1/43/74/60/01437460.jpg,1,1,1,0
3704813342,"",http://jbrj-public-img.s3-sa-east-1.amazonaws.com/JPG/rb/1/45/31/40/01453140.jpg,1,0,0,0
4131126359,"",http://jbrj-public-img.s3-sa-east-1.amazonaws.com/JPG/rb/1/49/17/22/01491722.jpg,1,0,0,0
5867701612,"",http://jbrj-public-img.s3-sa-east-1.amazonaws.com/JPG/rb/1/59/13/15/01591315.jpg,0,0,1,0
5867704090,"",http://jbrj-public-img.s3-sa-east-1.amazonaws.com/JPG/rb/1/58/39/21/01583921.jpg,1,0,0,0
1423907447,"",http://jbrj-public-img.s3-sa-east-1.amazonaws.com/JPG/rb/1/11/43/21/01114321.jpg,0,0,1,0
1424154518,"",http://jbrj-public-img.s3-sa-east-1.amazonaws.com/JPG/rb/0/42/15/19/00421519.jpg,0,0,1,0
1424214727,"",http://jbrj-public-img.s3-sa-east-1.amazonaws.com/JPG/rb/0/48/49/44/00484944.jpg,0,0,1,0
1424273678,"",http://jbrj-public-img.s3-sa-east-1.amazonaws.com/JPG/rb/0/55/98/7/00559807.jpg,0,0,0,1
1424077612,"",http://jbrj-public-img.s3-sa-east-1.amazonaws.com/JPG/rb/0/31/66/24/00316624.jpg,0,0,1,0
1987023920,"",http://jbrj-public-img.s3-sa-east-1.amazonaws.com/JPG/rb/1/40/18/69/01401869.jpg,1,0,0,0
2013909695,"",http://jbrj-public-img.s3-sa-east-1.amazonaws.com/JPG/rb/1/40/60/28/01406028.jpg,1,0,0,0
2575940010,"",http://jbrj-public-img.s3-sa-east-1.amazonaws.com/JPG/rb/1/42/72/73/01427273.jpg,0,1,0,0
1424047195,"",http://jbrj-public-img.s3-sa-east-1.amazonaws.com/JPG/rb/0/26/53/25/00265325.jpg,0,0,1,0
1424047624,"",http://jbrj-public-img.s3-sa-east-1.amazonaws.com/JPG/rb/0/26/57/71/00265771.jpg,1,0,0,0
3331274305,"",http://jbrj-public-img.s3-sa-east-1.amazonaws.com/JPG/rb/1/44/21/14/01442114.jpg,0,1,0,0
3342725349,"",http://jbrj-public-img.s3-sa-east-1.amazonaws.com/JPG/rb/1/44/44/37/01444437.jpg,1,1,0,0
3704817332,"",http://jbrj-public-img.s3-sa-east-1.amazonaws.com/JPG/rb/1/45/29/39/01452939.jpg,1,1,0,0
3802879392,"",http://jbrj-public-img.s3-sa-east-1.amazonaws.com/JPG/rb/1/46/32/63/01463263.jpg,1,1,0,0
3912828889,"",http://jbrj-public-img.s3-sa-east-1.amazonaws.com/JPG/rb/1/46/87/12/01468712.jpg,1,0,0,0
3968357331,"",http://jbrj-public-img.s3-sa-east-1.amazonaws.com/JPG/rb/1/47/33/87/01473387.jpg,0,0,1,0
4131131361,"",http://jbrj-public-img.s3-sa-east-1.amazonaws.com/JPG/rb/1/49/17/27/01491727.jpg,1,1,0,0
1423907336,"",http://jbrj-public-img.s3-sa-east-1.amazonaws.com/JPG/rb/1/11/42/23/01114223.jpg,0,1,0,0
1424067601,"",http://jbrj-public-img.s3-sa-east-1.amazonaws.com/JPG/rb/0/30/63/53/00306353.jpg,0,0,1,0
1424069296,"",http://jbrj-public-img.s3-sa-east-1.amazonaws.com/JPG/rb/0/30/81/14/00308114.jpg,0,0,1,0
1424075646,"",http://jbrj-public-img.s3-sa-east-1.amazonaws.com/JPG/rb/0/31/45/16/00314516.jpg,1,0,0,0
1424174516,"",http://jbrj-public-img.s3-sa-east-1.amazonaws.com/JPG/rb/0/44/14/69/00441469.jpg,1,0,0,0
1424214532,"",http://jbrj-public-img.s3-sa-east-1.amazonaws.com/JPG/rb/0/48/47/33/00484733.jpg,0,1,0,0
1424272527,"",http://jbrj-public-img.s3-sa-east-1.amazonaws.com/JPG/rb/0/55/87/14/00558714.jpg,0,0,1,0
1424281932,"",http://jbrj-public-img.s3-sa-east-1.amazonaws.com/JPG/rb/0/56/94/19/00569419.jpg,1,1,0,0
1424047276,"",http://jbrj-public-img.s3-sa-east-1.amazonaws.com/JPG/rb/0/26/54/2/00265402.jpg,1,0,0,0
1424073210,"",http://jbrj-public-img.s3-sa-east-1.amazonaws.com/JPG/rb/0/31/21/3/00312103.jpg,0,0,1,0
1424073572,"",http://jbrj-public-img.s3-sa-east-1.amazonaws.com/JPG/rb/0/31/24/17/00312417.jpg,1,0,0,0
1424074481,"",http://jbrj-public-img.s3-sa-east-1.amazonaws.com/JPG/rb/0/31/33/56/00313356.jpg,0,0,1,0
1424078095,"",http://jbrj-public-img.s3-sa-east-1.amazonaws.com/JPG/rb/0/31/70/62/00317062.jpg,0,1,0,0
1424176060,"",http://jbrj-public-img.s3-sa-east-1.amazonaws.com/JPG/rb/0/44/28/83/00442883.jpg,0,0,1,0
1424235787,"",http://jbrj-public-img.s3-sa-east-1.amazonaws.com/JPG/rb/0/51/89/99/00518999.jpg,0,0,0,1
1424238828,"",http://jbrj-public-img.s3-sa-east-1.amazonaws.com/JPG/rb/0/52/20/47/00522047.jpg,1,1,0,0
1424260614,"",http://jbrj-public-img.s3-sa-east-1.amazonaws.com/JPG/rb/0/54/46/96/00544696.jpg,1,0,0,0
1424262758,"",http://jbrj-public-img.s3-sa-east-1.amazonaws.com/JPG/rb/0/54/77/27/00547727.jpg,1,0,0,0
1424491679,"",http://jbrj-public-img.s3-sa-east-1.amazonaws.com/JPG/rb/0/87/85/40/00878540.jpg,0,0,1,0
1424730491,"",http://jbrj-public-img.s3-sa-east-1.amazonaws.com/JPG/rb/1/20/93/91/01209391.jpg,0,1,0,0
5872157387,"",http://jbrj-public-img.s3-sa-east-1.amazonaws.com/JPG/rbr/rbr/0/1/68/8/rbr00016808.jpg,0,1,0,0
5872157401,"",http://jbrj-public-img.s3-sa-east-1.amazonaws.com/JPG/rbr/rbr/0/1/68/16/rbr00016816.jpg,1,1,0,0
5872157516,"",http://jbrj-public-img.s3-sa-east-1.amazonaws.com/JPG/rbr/rbr/0/1/68/65/rbr00016865.jpg,1,1,0,0
5872157572,"",http://jbrj-public-img.s3-sa-east-1.amazonaws.com/JPG/rbr/rbr/0/1/68/74/rbr00016874.jpg,0,1,0,0
5872157587,"",http://jbrj-public-img.s3-sa-east-1.amazonaws.com/JPG/rbr/rbr/0/2/62/7/rbr00026207.jpg,0,0,0,1
5872157635,"",http://jbrj-public-img.s3-sa-east-1.amazonaws.com/JPG/rbr/rbr/0/3/82/9/rbr00038209.jpg,0,0,0,1
5872157661,"",http://jbrj-public-img.s3-sa-east-1.amazonaws.com/JPG/rbr/rbr/0/1/68/93/rbr00016893.jpg,1,0,0,0
5872157693,"",http://jbrj-public-img.s3-sa-east-1.amazonaws.com/JPG/rbr/rbr/0/2/62/13/rbr00026213.jpg,0,0,0,1
5872157764,"",http://jbrj-public-img.s3-sa-east-1.amazonaws.com/JPG/rbr/rbr/0/1/67/98/rbr00016798.jpg,1,1,0,0
5872157907,"",http://jbrj-public-img.s3-sa-east-1.amazonaws.com/JPG/rbr/rbr/0/2/61/68/rbr00026168.jpg,0,0,0,1
6392820551,"",http://jbrj-public-img.s3-sa-east-1.amazonaws.com/JPG/evb/evb/0/0/22/93/evb00002293.jpg,0,1,0,0
6392820774,"",http://jbrj-public-img.s3-sa-east-1.amazonaws.com/JPG/evb/evb/0/0/69/10/evb00006910.jpg,0,0,1,0
6392821629,"",http://jbrj-public-img.s3-sa-east-1.amazonaws.com/JPG/evb/evb/0/0/68/26/evb00006826.jpg,0,1,0,0
6392821649,"",http://jbrj-public-img.s3-sa-east-1.amazonaws.com/JPG/evb/evb/0/0/3/72/evb00000372.jpg,1,1,0,0
6392821665,"",http://jbrj-public-img.s3-sa-east-1.amazonaws.com/JPG/evb/evb/0/0/29/97/evb00002997.jpg,1,0,0,0
6392821761,"",http://jbrj-public-img.s3-sa-east-1.amazonaws.com/JPG/evb/evb/0/0/49/18/evb00004918.jpg,1,0,0,0
6392822303,"",http://jbrj-public-img.s3-sa-east-1.amazonaws.com/JPG/evb/evb/0/0/15/23/evb00001523.jpg,1,1,0,0
6392822447,"",http://jbrj-public-img.s3-sa-east-1.amazonaws.com/JPG/evb/evb/0/0/11/90/evb00001190.jpg,1,1,0,0
6392822470,"",http://jbrj-public-img.s3-sa-east-1.amazonaws.com/JPG/evb/evb/0/0/52/63/evb00005263.jpg,0,0,1,0
6392822502,"",http://jbrj-public-img.s3-sa-east-1.amazonaws.com/JPG/evb/evb/0/0/54/92/evb00005492.jpg,1,1,0,0
6415209305,"",http://jbrj-public-img.s3-sa-east-1.amazonaws.com/JPG/evb/evb/0/0/78/98/evb00007898.jpg,1,1,0,0
6392814585,"",http://jbrj-public-img.s3-sa-east-1.amazonaws.com/JPG/evb/evb/0/0/68/25/evb00006825.jpg,0,1,0,0
6392814775,"",http://jbrj-public-img.s3-sa-east-1.amazonaws.com/JPG/evb/evb/0/0/63/31/evb00006331.jpg,1,1,0,0
6392814813,"",http://jbrj-public-img.s3-sa-east-1.amazonaws.com/JPG/evb/evb/0/0/27/96/evb00002796.jpg,1,0,0,0
6392814885,"",http://jbrj-public-img.s3-sa-east-1.amazonaws.com/JPG/evb/evb/0/0/33/73/evb00003373.jpg,0,1,0,0
6392815134,"",http://jbrj-public-img.s3-sa-east-1.amazonaws.com/JPG/evb/evb/0/0/72/48/evb00007248.jpg,0,1,0,0
6392815172,"",http://jbrj-public-img.s3-sa-east-1.amazonaws.com/JPG/evb/evb/0/0/54/86/evb00005486.jpg,1,0,0,0
6392815471,"",http://jbrj-public-img.s3-sa-east-1.amazonaws.com/JPG/evb/evb/0/0/72/44/evb00007244.jpg,1,1,0,0
6392815748,"",http://jbrj-public-img.s3-sa-east-1.amazonaws.com/JPG/evb/evb/0/0/33/75/evb00003375.jpg,1,1,0,0
6392815876,"",http://jbrj-public-img.s3-sa-east-1.amazonaws.com/JPG/evb/evb/0/0/5/59/evb00000559.jpg,0,0,1,0
6392816151,"",http://jbrj-public-img.s3-sa-east-1.amazonaws.com/JPG/evb/evb/0/0/36/21/evb00003621.jpg,0,0,1,0
4061127988,"Munzinger - 6450 - New Caledonia",https://images.mobot.org/tropicosimages3/detailimages/TropicosImageVol3/100523000/0178E6A2-BF8D-435A-8B07-893A54BD9604.jpg,1,1,0,0
4061127988,"Munzinger - 6450 - New Caledonia",https://images.mobot.org/tropicosimages3/detailimages/TropicosImageVol3/100523000/4834078D-DF08-4F63-8961-FC3DB620E07D.jpg,0,0,0,1
4061127988,"Munzinger - 6450 - New Caledonia",https://images.mobot.org/tropicosimages3/detailimages/TropicosImageVol3/100523000/4B119A7C-8975-43F9-B517-C132D8933C33.jpg,0,1,0,0
4061127988,"Munzinger - 6450 - New Caledonia",https://images.mobot.org/tropicosimages3/detailimages/TropicosImageVol3/100523000/4DD7930E-AF0F-4F81-8BD5-283CA898201A.jpg,0,0,1,0
4061127988,"Munzinger - 6450 - New Caledonia",https://images.mobot.org/tropicosimages3/detailimages/TropicosImageVol3/100523000/ED0ACECD-5FC9-4041-9720-1603636F2643.jpg,0,1,0,0
1258034987,"Rios - 3364 - Peru",https://images.mobot.org/tropicosimages4/detailimages/TropicosImagesVol4/101080000/8C365655-BD0B-49FC-914C-837F9CEF8806.jpg,1,0,0,0
1260130904,"Morales - 1383 - Ecuador",https://images.mobot.org/tropicosimages3/detailimages/TropicosImageVol3/100909000/A9EFB3A9-F3A7-4DBD-893E-66B5D709832E.jpg,0,1,0,0
1257719351,"Parada-Gutierrez - 3338 - Bolivia",https://images.mobot.org/tropicosimages3/detailimages/TropicosImages2/100171000/E281FE44-E3F5-439D-A90C-6DEB761A2E00.jpg,0,0,0,1
1257719351,"Parada-Gutierrez - 3338 - Bolivia",https://images.mobot.org/tropicosimages3/detailimages/TropicosImages2/100231000/B0F8D362-1A7D-4498-8E5D-95966214D8D1.jpg,0,0,0,1
1260370761,"Wisum - 429 - Ecuador",https://images.mobot.org/tropicosimages3/detailimages/TropicosImageVol3/100811000/53844C6D-527F-4320-80F7-68E4CB524A04.jpg,1,1,0,0
1257752524,"Parada-Gutierrez - 3768 - Bolivia",https://images.mobot.org/tropicosimages3/detailimages/TropicosImages2/100171000/14CBF079-14C3-49A8-87B9-BD10A147C0AD.jpg,0,0,0,1
1257719434,"Parada-Gutierrez - 3175 - Bolivia",https://images.mobot.org/tropicosimages3/detailimages/TropicosImages2/100231000/8669BAE6-36FF-417E-BB90-B7200E4178F1.jpg,0,0,0,1
1257719434,"Parada-Gutierrez - 3175 - Bolivia",https://images.mobot.org/tropicosimages3/detailimages/TropicosImages2/100231000/DE3BD160-D073-4164-8753-BDFEBD6A2340.jpg,0,0,0,1
1257861125,"Parada-Gutierrez - 4774 - Bolivia",https://images.mobot.org/tropicosimages3/detailimages/TropicosImageVol3/100458000/2C9D9255-EA96-4CB7-B4D1-47B23C72F0B3.jpg,1,1,0,0
1258744315,"Miranda - 150 - Ecuador",https://images.mobot.org/tropicosimages3/detailimages/TropicosImageVol3/100909000/C19F37B2-0B79-4C90-A489-501DABD32A40.jpg,0,1,0,0
1268699394,"Fuentes Claros - 19596 - Bolivia",https://images.mobot.org/tropicosimages3/detailimages/TropicosImageVol3/100514000/466CF2AB-B106-4745-A676-36EA1708FE6A.jpg,0,0,0,1
1257725232,"Huanca - 6 - Bolivia",https://images.mobot.org/tropicosimages3/detailimages/TropicosImageVol3/100450000/EBDAECF5-ED29-4568-9955-4CEFB0A5488B.jpg,0,0,1,0
1260487035,"Palacios Cuenca - 575 - Ecuador",https://images.mobot.org/tropicosimages3/detailimages/TropicosImageVol3/100815000/BD59F96A-0643-4222-A7C8-8DC367C081C0.jpg,0,1,0,0
4441038633,"Zamora Villalobos - 10828 - Costa Rica",https://images.mobot.org/tropicosimages5/detailimages/TropicosImagesVol5/101946000/1A53D182-704B-4157-BBB6-A391A84A9166.jpg,1,1,0,0
4441038633,"Zamora Villalobos - 10828 - Costa Rica",https://images.mobot.org/tropicosimages5/detailimages/TropicosImagesVol5/101946000/1B083AE1-1A16-4F6B-B484-2A05AFE2E5DE.jpg,1,1,0,0
4441038633,"Zamora Villalobos - 10828 - Costa Rica",https://images.mobot.org/tropicosimages5/detailimages/TropicosImagesVol5/101946000/3FDCE529-02A5-4597-ADD8-4304CEB9F745.jpg,0,0,0,1
1257752035,"Parada-Gutierrez - 3690 - Bolivia",https://images.mobot.org/tropicosimages3/detailimages/TropicosImageVol3/100458000/C0484E43-5FE7-425E-9434-829C59B94F62.jpg,1,1,0,0
1257751032,"Parada-Gutierrez - 3510 - Bolivia",https://images.mobot.org/tropicosimages3/detailimages/TropicosImages2/100231000/1B4E9798-050D-4E51-8637-68BA76DACEE5.jpg,0,0,0,1
