image_id,gbif_id,path,split,bud,flower,fruit
1228146947_b1c7f835,1228146947,data/images/1228146947_b1c7f835.jpg,test,1,1,0
1228149145_87fd1780,1228149145,data/images/1228149145_87fd1780.jpg,test,0,0,0
1228149901_23d1f877,1228149901,data/images/1228149901_23d1f877.jpg,test,1,1,0
1228151634_d4d8c457,1228151634,data/images/1228151634_d4d8c457.jpg,test,1,1,0
1228158919_0dbe18d1,1228158919,data/images/1228158919_0dbe18d1.jpg,test,1,0,0
1228162773_372c7db6,1228162773,data/images/1228162773_372c7db6.jpg,test,0,1,0
1228163789_3cc63349,1228163789,data/images/1228163789_3cc63349.jpg,test,0,1,0
1228166960_d22e7d04,1228166960,data/images/1228166960_d22e7d04.jpg,test,1,0,0
1228178180_2cad0c89,1228178180,data/images/1228178180_2cad0c89.jpg,test,1,1,0
1228181245_3123f2e8,1228181245,data/images/1228181245_3123f2e8.jpg,test,1,1,0
1228181464_877c8bdc,1228181464,data/images/1228181464_877c8bdc.jpg,test,0,0,1
1228181595_934ddcd3,1228181595,data/images/1228181595_934ddcd3.jpg,test,1,0,0
1228181935_1991acf3,1228181935,data/images/1228181935_1991acf3.jpg,test,1,1,0
1228182048_eb669aaa,1228182048,data/images/1228182048_eb669aaa.jpg,test,0,0,1
1228183617_38dcb1bd,1228183617,data/images/1228183617_38dcb1bd.jpg,test,0,0,1
1228185459_8f0a4b8f,1228185459,data/images/1228185459_8f0a4b8f.jpg,test,1,0,0
1228189028_4e2deff2,1228189028,data/images/1228189028_4e2deff2.jpg,test,1,0,0
1228192043_775dc0fb,1228192043,data/images/1228192043_775dc0fb.jpg,test,0,0,1
1228194454_c4cfc9d3,1228194454,data/images/1228194454_c4cfc9d3.jpg,test,0,1,0
1228198435_361ab0d8,1228198435,data/images/1228198435_361ab0d8.jpg,test,0,0,0
1228199208_a6b85cee,1228199208,data/images/1228199208_a6b85cee.jpg,test,1,0,0
1228207047_356ee55c,1228207047,data/images/1228207047_356ee55c.jpg,test,1,1,0
1228209261_0bd9049d,1228209261,data/images/1228209261_0bd9049d.jpg,test,0,0,1
1228218265_4fae56d4,1228218265,data/images/1228218265_4fae56d4.jpg,test,1,0,0
1228222023_6a927e23,1228222023,data/images/1228222023_6a927e23.jpg,test,0,0,1
1228223220_35003c6e,1228223220,data/images/1228223220_35003c6e.jpg,test,0,0,1
1228225130_a39ab61a,1228225130,data/images/1228225130_a39ab61a.jpg,test,1,0,0
1228232715_da5604b1,1228232715,data/images/1228232715_da5604b1.jpg,test,0,0,1
1228234778_939b1e42,1228234778,data/images/1228234778_939b1e42.jpg,test,1,1,0
1228235035_6138d5d4,1228235035,data/images/1228235035_6138d5d4.jpg,test,1,1,0
1228236740_f4beeafb,1228236740,data/images/1228236740_f4beeafb.jpg,test,0,0,1
1228249949_bcba9f8e,1228249949,data/images/1228249949_bcba9f8e.jpg,test,0,1,0
1228270293_762577d7,1228270293,data/images/1228270293_762577d7.jpg,test,0,0,1
1228270408_20c22b8e,1228270408,data/images/1228270408_20c22b8e.jpg,test,0,0,0
1228278140_bdabd70a,1228278140,data/images/1228278140_bdabd70a.jpg,test,0,0,1
1228280502_1aedc9cf,1228280502,data/images/1228280502_1aedc9cf.jpg,test,1,1,0
1228284270_a265f061,1228284270,data/images/1228284270_a265f061.jpg,test,0,1,0
1228301940_641b329c,1228301940,data/images/1228301940_641b329c.jpg,test,0,1,0
1228303606_f74065e6,1228303606,data/images/1228303606_f74065e6.jpg,test,0,0,1
1228305820_e5ae6b2e,1228305820,data/images/1228305820_e5ae6b2e.jpg,test,0,0,1
1228318978_5c79da39,1228318978,data/images/1228318978_5c79da39.jpg,test,0,1,1
1228324654_85a0202d,1228324654,data/images/1228324654_85a0202d.jpg,test,0,1,1
1228341858_220b2076,1228341858,data/images/1228341858_220b2076.jpg,test,0,1,0
1228351230_74cfd9be,1228351230,data/images/1228351230_74cfd9be.jpg,test,1,1,0
1228372317_656f504e,1228372317,data/images/1228372317_656f504e.jpg,test,0,1,0
1228383662_db65ee98,1228383662,data/images/1228383662_db65ee98.jpg,test,1,0,0
1228386190_04fc9236,1228386190,data/images/1228386190_04fc9236.jpg,test,0,0,1
1228396953_8e525e78,1228396953,data/images/1228396953_8e525e78.jpg,test,0,0,0
1228399141_19893d9d,1228399141,data/images/1228399141_19893d9d.jpg,test,0,1,0
1228403045_b2d96e5d,1228403045,data/images/1228403045_b2d96e5d.jpg,test,0,0,1
1228417340_70203188,1228417340,data/images/1228417340_70203188.jpg,test,1,1,0
1228418272_ea390d18,1228418272,data/images/1228418272_ea390d18.jpg,test,0,0,0
1228457117_159fb4e1,1228457117,data/images/1228457117_159fb4e1.jpg,test,1,0,0
1228463664_31aa8993,1228463664,data/images/1228463664_31aa8993.jpg,test,1,1,0
1228467728_c4ff7e2a,1228467728,data/images/1228467728_c4ff7e2a.jpg,test,1,1,0
1228471836_6b0fa0bb,1228471836,data/images/1228471836_6b0fa0bb.jpg,test,1,1,0
1228481854_8bef12f4,1228481854,data/images/1228481854_8bef12f4.jpg,test,0,1,0
1228485518_2459b69a,1228485518,data/images/1228485518_2459b69a.jpg,test,0,0,0
1228485546_1147a6fc,1228485546,data/images/1228485546_1147a6fc.jpg,test,0,1,0
1228486458_89579ead,1228486458,data/images/1228486458_89579ead.jpg,test,0,1,0
1228488775_ce49b25d,1228488775,data/images/1228488775_ce49b25d.jpg,test,0,1,0
1228490305_6c4affe2,1228490305,data/images/1228490305_6c4affe2.jpg,test,0,0,1
1228494675_2802e39e,1228494675,data/images/1228494675_2802e39e.jpg,test,0,0,1
1228501890_5a4b10d5,1228501890,data/images/1228501890_5a4b10d5.jpg,test,1,1,0
1228510706_6c788cd1,1228510706,data/images/1228510706_6c788cd1.jpg,test,1,1,0
1228522043_f754890b,1228522043,data/images/1228522043_f754890b.jpg,test,0,1,0
1228527416_88f48c73,1228527416,data/images/1228527416_88f48c73.jpg,test,0,0,1
1228527511_03153803,1228527511,data/images/1228527511_03153803.jpg,test,0,0,1
1228531028_2ed5df2c,1228531028,data/images/1228531028_2ed5df2c.jpg,test,1,1,0
1228534333_0a385999,1228534333,data/images/1228534333_0a385999.jpg,test,0,1,0
1228535888_db18679f,1228535888,data/images/1228535888_db18679f.jpg,test,1,1,0
1228536621_0d008aa9,1228536621,data/images/1228536621_0d008aa9.jpg,test,1,1,0
1228537254_519bea6d,1228537254,data/images/1228537254_519bea6d.jpg,test,0,1,0
1228548393_6f53e0b3,1228548393,data/images/1228548393_6f53e0b3.jpg,test,1,0,0
1228550961_d924cd3b,1228550961,data/images/1228550961_d924cd3b.jpg,test,1,0,0
1228555418_62116dc1,1228555418,data/images/1228555418_62116dc1.jpg,test,0,0,1
1228563812_be341e5f,1228563812,data/images/1228563812_be341e5f.jpg,test,0,1,0
1228566405_ec49ea5c,1228566405,data/images/1228566405_ec49ea5c.jpg,test,1,1,0
1228571641_7d7224a1,1228571641,data/images/1228571641_7d7224a1.jpg,test,1,0,0
1228572620_d6e8dc8b,1228572620,data/images/1228572620_d6e8dc8b.jpg,test,0,1,0
1228574472_cfda7b9c,1228574472,data/images/1228574472_cfda7b9c.jpg,test,1,0,0
1228575446_c3b8c199,1228575446,data/images/1228575446_c3b8c199.jpg,test,0,1,0
1228579449_3eee4285,1228579449,data/images/1228579449_3eee4285.jpg,test,1,0,0
1228586825_9aeca350,1228586825,data/images/1228586825_9aeca350.jpg,test,0,1,0
1228590932_274852cf,1228590932,data/images/1228590932_274852cf.jpg,test,0,0,1
1228591839_77b4d586,1228591839,data/images/1228591839_77b4d586.jpg,test,0,1,1
1228598499_aa69de9f,1228598499,data/images/1228598499_aa69de9f.jpg,test,1,1,0
1228608959_6febe9b5,1228608959,data/images/1228608959_6febe9b5.jpg,test,0,0,1
1228610193_b8506a14,1228610193,data/images/1228610193_b8506a14.jpg,test,0,1,1
1228614645_9914b113,1228614645,data/images/1228614645_9914b113.jpg,test,1,1,0
1228617415_fee8fbc7,1228617415,data/images/1228617415_fee8fbc7.jpg,test,0,0,1
1228625001_5f60856d,1228625001,data/images/1228625001_5f60856d.jpg,test,0,0,1
1228633747_bcca5006,1228633747,data/images/1228633747_bcca5006.jpg,test,1,0,0
1252639209_61b6cca9,1252639209,data/images/1252639209_61b6cca9.jpg,test,0,0,0
1252639717_5b6e5f61,1252639717,data/images/1252639717_5b6e5f61.jpg,test,0,0,1
1252641916_37e141dd,1252641916,data/images/1252641916_37e141dd.jpg,test,0,1,0
1257548733_a2cc456a,1257548733,data/images/1257548733_a2cc456a.jpg,test,1,1,0
1257752035_5025642f,1257752035,data/images/1257752035_5025642f.jpg,test,1,1,0
1257875733_10ef92cd,1257875733,data/images/1257875733_10ef92cd.jpg,test,0,0,1
1257875733_115d2b42,1257875733,data/images/1257875733_115d2b42.jpg,test,0,0,1
1257875733_c2d72c85,1257875733,data/images/1257875733_c2d72c85.jpg,test,0,0,1
1258668993_ec6e16c1,1258668993,data/images/1258668993_ec6e16c1.jpg,test,0,1,0
1258789615_ddf8f234,1258789615,data/images/1258789615_ddf8f234.jpg,test,0,1,0
1258804990_4eb243bc,1258804990,data/images/1258804990_4eb243bc.jpg,test,0,0,1
1259953433_4df68f43,1259953433,data/images/1259953433_4df68f43.jpg,test,0,0,1
1260220313_b4052d3a,1260220313,data/images/1260220313_b4052d3a.jpg,test,0,0,0
1260456373_afb298ea,1260456373,data/images/1260456373_afb298ea.jpg,test,1,1,0
1260486411_862e1f54,1260486411,data/images/1260486411_862e1f54.jpg,test,0,0,1
1260487035_139a4dbe,1260487035,data/images/1260487035_139a4dbe.jpg,test,0,1,0
1260514936_b9a85d2a,1260514936,data/images/1260514936_b9a85d2a.jpg,test,0,0,0
1261882653_c065d3a6,1261882653,data/images/1261882653_c065d3a6.jpg,test,0,0,1
1265788845_f7536217,1265788845,data/images/1265788845_f7536217.jpg,test,0,0,1
1423895163_9d8dbe41,1423895163,data/images/1423895163_9d8dbe41.jpg,test,1,1,0
1423897019_7f434643,1423897019,data/images/1423897019_7f434643.jpg,test,0,0,0
1423907326_f37f71c9,1423907326,data/images/1423907326_f37f71c9.jpg,test,0,0,1
1423907421_ee54e458,1423907421,data/images/1423907421_ee54e458.jpg,test,0,1,0
1423918845_79be3057,1423918845,data/images/1423918845_79be3057.jpg,test,1,1,0
1423936761_06c81cec,1423936761,data/images/1423936761_06c81cec.jpg,test,0,0,1
1424071309_2b16864b,1424071309,data/images/1424071309_2b16864b.jpg,test,1,1,0
1424074481_e9c785da,1424074481,data/images/1424074481_e9c785da.jpg,test,0,0,1
1424074617_ce128801,1424074617,data/images/1424074617_ce128801.jpg,test,1,1,0
1424075646_20f6e620,1424075646,data/images/1424075646_20f6e620.jpg,test,1,0,0
1424076785_51f36ee8,1424076785,data/images/1424076785_51f36ee8.jpg,test,0,0,0
1424077059_6ea08c04,1424077059,data/images/1424077059_6ea08c04.jpg,test,0,0,1
1424078095_18c01a5e,1424078095,data/images/1424078095_18c01a5e.jpg,test,0,1,0
1424154518_16bf6931,1424154518,data/images/1424154518_16bf6931.jpg,test,0,0,1
1424214532_6b99640a,1424214532,data/images/1424214532_6b99640a.jpg,test,0,1,0
1424245603_1017e16d,1424245603,data/images/1424245603_1017e16d.jpg,test,0,1,0
1424260614_f2f2d99a,1424260614,data/images/1424260614_f2f2d99a.jpg,test,1,0,0
1424318916_ee66d776,1424318916,data/images/1424318916_ee66d776.jpg,test,0,1,0
1424399748_da9a33fc,1424399748,data/images/1424399748_da9a33fc.jpg,test,0,1,0
1424400982_02b58f39,1424400982,data/images/1424400982_02b58f39.jpg,test,0,0,1
1424415981_2ac06a21,1424415981,data/images/1424415981_2ac06a21.jpg,test,0,0,1
1424449566_4ed14022,1424449566,data/images/1424449566_4ed14022.jpg,test,0,1,0
1424467687_d67b8b08,1424467687,data/images/1424467687_d67b8b08.jpg,test,0,1,0
1424505419_90954224,1424505419,data/images/1424505419_90954224.jpg,test,0,1,0
1449766918_c778a014,1449766918,data/images/1449766918_c778a014.jpg,test,0,1,0
1451072027_4f01a3db,1451072027,data/images/1451072027_4f01a3db.jpg,test,1,1,0
1451072681_b1dc8b36,1451072681,data/images/1451072681_b1dc8b36.jpg,test,0,0,1
1456085124_38047bc8,1456085124,data/images/1456085124_38047bc8.jpg,test,0,0,1
1456162842_87954b97,1456162842,data/images/1456162842_87954b97.jpg,test,0,1,0
1456165319_8f657f0e,1456165319,data/images/1456165319_8f657f0e.jpg,test,1,1,0
1456197141_e82cfec6,1456197141,data/images/1456197141_e82cfec6.jpg,test,1,1,0
1456235010_fafb034a,1456235010,data/images/1456235010_fafb034a.jpg,test,0,0,0
1456434107_ecc1653f,1456434107,data/images/1456434107_ecc1653f.jpg,test,0,0,0
1456439272_d1936de9,1456439272,data/images/1456439272_d1936de9.jpg,test,0,0,1
1503218195_0477bc2d,1503218195,data/images/1503218195_0477bc2d.jpg,test,0,0,1
1503245631_63ebfb8d,1503245631,data/images/1503245631_63ebfb8d.jpg,test,0,0,0
1840911610_5e2b8e52,1840911610,data/images/1840911610_5e2b8e52.jpg,test,1,1,0
1844893314_d1ac827d,1844893314,data/images/1844893314_d1ac827d.jpg,test,0,0,1
1844893528_d1ebdd13,1844893528,data/images/1844893528_d1ebdd13.jpg,test,1,0,0
1847971906_ce6af399,1847971906,data/images/1847971906_ce6af399.jpg,test,1,1,0
1944837501_2056ffa9,1944837501,data/images/1944837501_2056ffa9.jpg,test,0,1,0
2013909695_0875b3ff,2013909695,data/images/2013909695_0875b3ff.jpg,test,1,0,0
2235912008_6b94a3d8,2235912008,data/images/2235912008_6b94a3d8.jpg,test,0,1,0
2235941740_d6d838bf,2235941740,data/images/2235941740_d6d838bf.jpg,test,1,1,0
2242327546_860766b2,2242327546,data/images/2242327546_860766b2.jpg,test,0,0,1
2242465518_6945ccaa,2242465518,data/images/2242465518_6945ccaa.jpg,test,1,1,0
2243333867_4f4523c0,2243333867,data/images/2243333867_4f4523c0.jpg,test,0,0,1
2243334074_6ee760a7,2243334074,data/images/2243334074_6ee760a7.jpg,test,1,1,0
2270466668_0def3737,2270466668,data/images/2270466668_0def3737.jpg,test,1,1,0
2270466668_93231188,2270466668,data/images/2270466668_93231188.jpg,test,1,0,0
2270467638_41836855,2270467638,data/images/2270467638_41836855.jpg,test,0,0,1
2270468549_d3a9a44e,2270468549,data/images/2270468549_d3a9a44e.jpg,test,0,0,1
2270468686_588aa490,2270468686,data/images/2270468686_588aa490.jpg,test,0,0,1
2270469163_3696ef3f,2270469163,data/images/2270469163_3696ef3f.jpg,test,0,0,1
2270481865_0326bc1c,2270481865,data/images/2270481865_0326bc1c.jpg,test,0,0,1
2270482073_13f9e128,2270482073,data/images/2270482073_13f9e128.jpg,test,1,1,0
2270483378_c058ee66,2270483378,data/images/2270483378_c058ee66.jpg,test,0,1,0
2270540351_4bdc83d6,2270540351,data/images/2270540351_4bdc83d6.jpg,test,0,0,1
2270543395_4ca2f874,2270543395,data/images/2270543395_4ca2f874.jpg,test,0,0,0
2270550072_3e16fee5,2270550072,data/images/2270550072_3e16fee5.jpg,test,0,0,1
2270554602_2392ac0b,2270554602,data/images/2270554602_2392ac0b.jpg,test,0,0,1
2270554602_c96e9485,2270554602,data/images/2270554602_c96e9485.jpg,test,0,0,1
2270557565_82d1dc02,2270557565,data/images/2270557565_82d1dc02.jpg,test,1,1,0
2270557747_eddf09b9,2270557747,data/images/2270557747_eddf09b9.jpg,test,0,0,1
2270558191_792fbb6a,2270558191,data/images/2270558191_792fbb6a.jpg,test,0,0,1
2270558658_20cff589,2270558658,data/images/2270558658_20cff589.jpg,test,0,1,0
2270560203_2437daa8,2270560203,data/images/2270560203_2437daa8.jpg,test,1,0,1
2270560557_1c2a384d,2270560557,data/images/2270560557_1c2a384d.jpg,test,1,0,0
2270561698_e1c1029b,2270561698,data/images/2270561698_e1c1029b.jpg,test,0,0,1
2270562281_b908b86a,2270562281,data/images/2270562281_b908b86a.jpg,test,0,0,1
2270564601_12f7a5bd,2270564601,data/images/2270564601_12f7a5bd.jpg,test,0,1,0
2270566322_422a92da,2270566322,data/images/2270566322_422a92da.jpg,test,0,0,1
2270566528_5e07d71c,2270566528,data/images/2270566528_5e07d71c.jpg,test,0,0,1
2270573235_95608aaf,2270573235,data/images/2270573235_95608aaf.jpg,test,1,1,0
2270597977_9301c379,2270597977,data/images/2270597977_9301c379.jpg,test,0,0,1
2270669346_e1dd0cbe,2270669346,data/images/2270669346_e1dd0cbe.jpg,test,1,1,0
2270671187_1a18be84,2270671187,data/images/2270671187_1a18be84.jpg,test,1,1,0
2270671187_f7ff085c,2270671187,data/images/2270671187_f7ff085c.jpg,test,1,0,0
2270673404_3a8225d8,2270673404,data/images/2270673404_3a8225d8.jpg,test,0,0,0
2270673912_9922f084,2270673912,data/images/2270673912_9922f084.jpg,test,0,0,1
2270673912_dad3bae7,2270673912,data/images/2270673912_dad3bae7.jpg,test,0,0,1
2270674063_34b23c64,2270674063,data/images/2270674063_34b23c64.jpg,test,0,1,0
2270674120_4924985c,2270674120,data/images/2270674120_4924985c.jpg,test,1,1,0
2270674362_197d8681,2270674362,data/images/2270674362_197d8681.jpg,test,0,1,0
2270674922_12f0457a,2270674922,data/images/2270674922_12f0457a.jpg,test,1,0,0
2270675373_dd98ad81,2270675373,data/images/2270675373_dd98ad81.jpg,test,1,1,0
2270675731_d4b31fb2,2270675731,data/images/2270675731_d4b31fb2.jpg,test,1,0,0
2270675958_898ea2f7,2270675958,data/images/2270675958_898ea2f7.jpg,test,1,1,0
2270676836_b8234429,2270676836,data/images/2270676836_b8234429.jpg,test,0,0,1
2270677020_04d6186c,2270677020,data/images/2270677020_04d6186c.jpg,test,1,0,0
2270677379_ecd7ea95,2270677379,data/images/2270677379_ecd7ea95.jpg,test,0,1,0
2270677600_42054354,2270677600,data/images/2270677600_42054354.jpg,test,1,0,0
2270677739_52afed60,2270677739,data/images/2270677739_52afed60.jpg,test,0,1,0
2270678237_89bc0c1d,2270678237,data/images/2270678237_89bc0c1d.jpg,test,1,0,0
2270678489_9b217cb9,2270678489,data/images/2270678489_9b217cb9.jpg,test,1,1,0
2270678828_0e248599,2270678828,data/images/2270678828_0e248599.jpg,test,1,0,0
2270679018_adce1c97,2270679018,data/images/2270679018_adce1c97.jpg,test,1,0,0
2270679124_f7d12585,2270679124,data/images/2270679124_f7d12585.jpg,test,0,0,1
2270679360_a1fa8866,2270679360,data/images/2270679360_a1fa8866.jpg,test,1,1,0
2270679391_d423d431,2270679391,data/images/2270679391_d423d431.jpg,test,1,0,0
2270679728_13f3507b,2270679728,data/images/2270679728_13f3507b.jpg,test,1,0,0
2270679944_c6dea89d,2270679944,data/images/2270679944_c6dea89d.jpg,test,0,0,0
2270682284_70e983e3,2270682284,data/images/2270682284_70e983e3.jpg,test,0,1,0
2270682428_80602f4d,2270682428,data/images/2270682428_80602f4d.jpg,test,0,0,1
2270682428_944f81b6,2270682428,data/images/2270682428_944f81b6.jpg,test,0,0,1
2270684017_9325f663,2270684017,data/images/2270684017_9325f663.jpg,test,0,0,1
2270685044_cbb4de92,2270685044,data/images/2270685044_cbb4de92.jpg,test,0,1,0
2270687292_47edba6d,2270687292,data/images/2270687292_47edba6d.jpg,test,1,0,0
2270701342_1d20a531,2270701342,data/images/2270701342_1d20a531.jpg,test,0,1,0
2575940010_4eadca75,2575940010,data/images/2575940010_4eadca75.jpg,test,0,1,0
2992943332_ed5a0df5,2992943332,data/images/2992943332_ed5a0df5.jpg,test,1,0,0
3068489355_7531d41a,3068489355,data/images/3068489355_7531d41a.jpg,test,1,1,1
3704831362_ea7dac15,3704831362,data/images/3704831362_ea7dac15.jpg,test,1,1,0
3802866358_f5a8b948,3802866358,data/images/3802866358_f5a8b948.jpg,test,0,0,1
3912825461_57b5570c,3912825461,data/images/3912825461_57b5570c.jpg,test,0,0,1
3912828358_1c877e02,3912828358,data/images/3912828358_1c877e02.jpg,test,0,0,1
4015729434_bf37a4d7,4015729434,data/images/4015729434_bf37a4d7.jpg,test,1,0,0
4031752889_1ead0950,4031752889,data/images/4031752889_1ead0950.jpg,test,1,1,0
4031752889_49f2dfc6,4031752889,data/images/4031752889_49f2dfc6.jpg,test,1,1,0
4032144912_6ccf9cd2,4032144912,data/images/4032144912_6ccf9cd2.jpg,test,0,0,1
4519385752_c26484ee,4519385752,data/images/4519385752_c26484ee.jpg,test,0,0,0
4519388980_57913f9b,4519388980,data/images/4519388980_57913f9b.jpg,test,0,0,1
4519390776_42feb128,4519390776,data/images/4519390776_42feb128.jpg,test,0,0,1
4519393972_c7f66950,4519393972,data/images/4519393972_c7f66950.jpg,test,0,0,0
4519396351_de982058,4519396351,data/images/4519396351_de982058.jpg,test,1,1,0
4519397170_3f4ef5fc,4519397170,data/images/4519397170_3f4ef5fc.jpg,test,0,0,1
4519401207_b5956ffc,4519401207,data/images/4519401207_b5956ffc.jpg,test,1,1,0
4519402192_11dabfc2,4519402192,data/images/4519402192_11dabfc2.jpg,test,0,0,1
4866493517_c4e3d601,4866493517,data/images/4866493517_c4e3d601.jpg,test,0,0,0
4920369531_cafc70dd,4920369531,data/images/4920369531_cafc70dd.jpg,test,1,1,0
4954084349_dbe00242,4954084349,data/images/4954084349_dbe00242.jpg,test,1,1,0
4993510204_8dc50e7b,4993510204,data/images/4993510204_8dc50e7b.jpg,test,0,0,0
4993514132_4fdc8f34,4993514132,data/images/4993514132_4fdc8f34.jpg,test,0,0,0
5028716875_502144f7,5028716875,data/images/5028716875_502144f7.jpg,test,0,0,1
5072753649_e885d06e,5072753649,data/images/5072753649_e885d06e.jpg,test,0,0,1
5132688367_0c5e2c83,5132688367,data/images/5132688367_0c5e2c83.jpg,test,0,1,0
5867704090_1ebc3a77,5867704090,data/images/5867704090_1ebc3a77.jpg,test,1,0,0
5872120010_a7ce8805,5872120010,data/images/5872120010_a7ce8805.jpg,test,0,0,0
5872134416_dbb4d32c,5872134416,data/images/5872134416_dbb4d32c.jpg,test,1,1,0
5872136736_afeff9ca,5872136736,data/images/5872136736_afeff9ca.jpg,test,1,1,1
5872138452_d159ee8f,5872138452,data/images/5872138452_d159ee8f.jpg,test,0,0,1
5872142403_d7adc1ea,5872142403,data/images/5872142403_d7adc1ea.jpg,test,0,1,0
5872142423_5fc814cc,5872142423,data/images/5872142423_5fc814cc.jpg,test,0,0,0
5872142573_a3016d6d,5872142573,data/images/5872142573_a3016d6d.jpg,test,1,0,0
5872142585_8e7e1977,5872142585,data/images/5872142585_8e7e1977.jpg,test,0,1,0
5872142594_15e54784,5872142594,data/images/5872142594_15e54784.jpg,test,0,0,1
5872146359_f12ddcba,5872146359,data/images/5872146359_f12ddcba.jpg,test,0,0,0
5872157661_4444dfa9,5872157661,data/images/5872157661_4444dfa9.jpg,test,1,0,0
5872157907_046d1c83,5872157907,data/images/5872157907_046d1c83.jpg,test,0,0,0
5956029829_2de44ea3,5956029829,data/images/5956029829_2de44ea3.jpg,test,0,0,0
6083760368_1b1b5279,6083760368,data/images/6083760368_1b1b5279.jpg,test,1,0,0
6171439899_0a21e974,6171439899,data/images/6171439899_0a21e974.jpg,test,0,0,1
6184280631_d7a473a1,6184280631,data/images/6184280631_d7a473a1.jpg,test,1,0,0
6392814775_df3b4df4,6392814775,data/images/6392814775_df3b4df4.jpg,test,1,1,0
6392815172_55a42f52,6392815172,data/images/6392815172_55a42f52.jpg,test,1,0,0
6392815748_7c9018d0,6392815748,data/images/6392815748_7c9018d0.jpg,test,1,1,0
6392822303_1b2d437e,6392822303,data/images/6392822303_1b2d437e.jpg,test,1,1,0
6392822447_a701b91e,6392822447,data/images/6392822447_a701b91e.jpg,test,1,1,0
912079210_1bfc43c5,912079210,data/images/912079210_1bfc43c5.jpg,test,0,0,1
912079344_09ebdbaf,912079344,data/images/912079344_09ebdbaf.jpg,test,1,1,0
912079354_a2f2edbe,912079354,data/images/912079354_a2f2edbe.jpg,test,1,1,0
912079383_fa112ced,912079383,data/images/912079383_fa112ced.jpg,test,0,0,1
912079471_fc514d30,912079471,data/images/912079471_fc514d30.jpg,test,1,0,0
912080011_a15bcca8,912080011,data/images/912080011_a15bcca8.jpg,test,0,0,1
912092505_7665dd87,912092505,data/images/912092505_7665dd87.jpg,test,1,0,0
912092757_caa7cb24,912092757,data/images/912092757_caa7cb24.jpg,test,0,0,1
912092776_84bc0cf6,912092776,data/images/912092776_84bc0cf6.jpg,test,1,0,0
912092824_5a0d470e,912092824,data/images/912092824_5a0d470e.jpg,test,1,1,0
912232927_9832ffef,912232927,data/images/912232927_9832ffef.jpg,test,1,0,0
912233143_d4849ccb,912233143,data/images/912233143_d4849ccb.jpg,test,1,0,0
912233303_0dfadcb7,912233303,data/images/912233303_0dfadcb7.jpg,test,1,0,0
912285867_e646a4af,912285867,data/images/912285867_e646a4af.jpg,test,0,0,1
912286018_02fc5d36,912286018,data/images/912286018_02fc5d36.jpg,test,0,0,1
912286640_76906752,912286640,data/images/912286640_76906752.jpg,test,0,0,1
912287023_d3fef05e,912287023,data/images/912287023_d3fef05e.jpg,test,1,1,0
912287033_da74951d,912287033,data/images/912287033_da74951d.jpg,test,0,1,0
912287267_66b78081,912287267,data/images/912287267_66b78081.jpg,test,1,0,0
912287582_f9649d7d,912287582,data/images/912287582_f9649d7d.jpg,test,0,0,1
912293086_8ddca5f2,912293086,data/images/912293086_8ddca5f2.jpg,test,1,0,0
912293559_f9b8b1ed,912293559,data/images/912293559_f9b8b1ed.jpg,test,0,1,0
912293616_d877dafb,912293616,data/images/912293616_d877dafb.jpg,test,1,0,0
912293741_395a494f,912293741,data/images/912293741_395a494f.jpg,test,1,1,1
912293818_b60131e4,912293818,data/images/912293818_b60131e4.jpg,test,0,0,1
912293933_742dced2,912293933,data/images/912293933_742dced2.jpg,test,0,0,1
912293935_8e08716f,912293935,data/images/912293935_8e08716f.jpg,test,1,0,0
912294003_67c218f5,912294003,data/images/912294003_67c218f5.jpg,test,0,0,0
912294171_73d3ed2b,912294171,data/images/912294171_73d3ed2b.jpg,test,1,0,1
912294966_16d00281,912294966,data/images/912294966_16d00281.jpg,test,1,1,0
912295055_2609eb2c,912295055,data/images/912295055_2609eb2c.jpg,test,1,0,0
1228145513_e019daa4,1228145513,data/images/1228145513_e019daa4.jpg,train,0,1,0
1228148725_c2708fc2,1228148725,data/images/1228148725_c2708fc2.jpg,train,1,1,0
1228149266_c809d842,1228149266,data/images/1228149266_c809d842.jpg,train,0,0,1
1228149287_e63817fb,1228149287,data/images/1228149287_e63817fb.jpg,train,0,1,0
1228150861_ef7eb6a8,1228150861,data/images/1228150861_ef7eb6a8.jpg,train,0,0,1
1228151241_110c656c,1228151241,data/images/1228151241_110c656c.jpg,train,1,1,0
1228152048_53a2afeb,1228152048,data/images/1228152048_53a2afeb.jpg,train,0,0,0
1228152512_5d6e183a,1228152512,data/images/1228152512_5d6e183a.jpg,train,1,0,0
1228154116_f0d54e72,1228154116,data/images/1228154116_f0d54e72.jpg,train,0,0,0
1228154155_8b533189,1228154155,data/images/1228154155_8b533189.jpg,train,1,1,0
1228155509_badf75c4,1228155509,data/images/1228155509_badf75c4.jpg,train,1,0,0
1228155910_5a44991d,1228155910,data/images/1228155910_5a44991d.jpg,train,0,1,0
1228156979_50a92c3c,1228156979,data/images/1228156979_50a92c3c.jpg,train,0,0,1
1228157926_3b3e424e,1228157926,data/images/1228157926_3b3e424e.jpg,train,1,0,0
1228159469_6bc67d74,1228159469,data/images/1228159469_6bc67d74.jpg,train,1,1,0
1228159469_a84103b7,1228159469,data/images/1228159469_a84103b7.jpg,train,1,1,0
1228160975_73f0c9fe,1228160975,data/images/1228160975_73f0c9fe.jpg,train,0,0,1
1228163192_579377b1,1228163192,data/images/1228163192_579377b1.jpg,train,0,0,1
1228163663_fb82af07,1228163663,data/images/1228163663_fb82af07.jpg,train,0,0,1
1228163848_ac4b7d84,1228163848,data/images/1228163848_ac4b7d84.jpg,train,1,1,0
1228166340_f6d6080c,1228166340,data/images/1228166340_f6d6080c.jpg,train,1,1,0
1228168001_e53d6c2a,1228168001,data/images/1228168001_e53d6c2a.jpg,train,1,1,1
1228169237_580125a3,1228169237,data/images/1228169237_580125a3.jpg,train,1,1,0
1228169704_ba01ef7e,1228169704,data/images/1228169704_ba01ef7e.jpg,train,1,0,0
1228170229_15963eca,1228170229,data/images/1228170229_15963eca.jpg,train,0,0,1
1228170765_4ca11f4f,1228170765,data/images/1228170765_4ca11f4f.jpg,train,1,0,0
1228171969_e77c89ab,1228171969,data/images/1228171969_e77c89ab.jpg,train,1,1,0
1228172420_f90e487c,1228172420,data/images/1228172420_f90e487c.jpg,train,0,1,0
1228173214_90ed90da,1228173214,data/images/1228173214_90ed90da.jpg,train,1,1,0
1228174668_961f5617,1228174668,data/images/1228174668_961f5617.jpg,train,1,1,0
1228175236_5e59b66d,1228175236,data/images/1228175236_5e59b66d.jpg,train,1,1,0
1228178626_5f4e36f6,1228178626,data/images/1228178626_5f4e36f6.jpg,train,1,1,0
1228178942_219df141,1228178942,data/images/1228178942_219df141.jpg,train,1,1,0
1228179930_8e2c7532,1228179930,data/images/1228179930_8e2c7532.jpg,train,1,1,0
1228180989_ee269563,1228180989,data/images/1228180989_ee269563.jpg,train,1,1,0
1228181434_08763f1c,1228181434,data/images/1228181434_08763f1c.jpg,train,0,0,1
1228182920_88cf4039,1228182920,data/images/1228182920_88cf4039.jpg,train,1,1,0
1228184476_c879b412,1228184476,data/images/1228184476_c879b412.jpg,train,0,1,0
1228185561_4a906a2b,1228185561,data/images/1228185561_4a906a2b.jpg,train,0,1,1
1228185913_00918beb,1228185913,data/images/1228185913_00918beb.jpg,train,1,0,0
1228187377_1d8ec362,1228187377,data/images/1228187377_1d8ec362.jpg,train,1,1,0
1228187511_2884d753,1228187511,data/images/1228187511_2884d753.jpg,train,1,1,0
1228188893_bd17c1a1,1228188893,data/images/1228188893_bd17c1a1.jpg,train,0,1,0
1228190247_b093c3b6,1228190247,data/images/1228190247_b093c3b6.jpg,train,0,1,0
1228192138_b794b7e0,1228192138,data/images/1228192138_b794b7e0.jpg,train,1,1,0
1228193562_0404b766,1228193562,data/images/1228193562_0404b766.jpg,train,0,1,0
1228194434_65f97c34,1228194434,data/images/1228194434_65f97c34.jpg,train,1,0,0
1228195099_3bac7d8f,1228195099,data/images/1228195099_3bac7d8f.jpg,train,1,0,0
1228195223_b1f8d1c7,1228195223,data/images/1228195223_b1f8d1c7.jpg,train,0,1,0
1228197978_65e52743,1228197978,data/images/1228197978_65e52743.jpg,train,0,1,0
1228197991_19ced2bd,1228197991,data/images/1228197991_19ced2bd.jpg,train,1,0,0
1228198583_247fa7ed,1228198583,data/images/1228198583_247fa7ed.jpg,train,0,0,1
1228199240_87c1e6c4,1228199240,data/images/1228199240_87c1e6c4.jpg,train,1,0,0
1228199785_204584f8,1228199785,data/images/1228199785_204584f8.jpg,train,0,0,1
1228200560_84f1b0fd,1228200560,data/images/1228200560_84f1b0fd.jpg,train,0,1,0
1228202174_da9d8912,1228202174,data/images/1228202174_da9d8912.jpg,train,1,1,0
1228203796_419c5edc,1228203796,data/images/1228203796_419c5edc.jpg,train,0,1,0
1228204082_10c44ea3,1228204082,data/images/1228204082_10c44ea3.jpg,train,0,0,1
1228204618_371dc411,1228204618,data/images/1228204618_371dc411.jpg,train,1,1,0
1228205268_187e7ca9,1228205268,data/images/1228205268_187e7ca9.jpg,train,1,0,0
1228207094_de355287,1228207094,data/images/1228207094_de355287.jpg,train,0,0,1
1228207442_2eda8792,1228207442,data/images/1228207442_2eda8792.jpg,train,0,1,0
1228208243_d8e79f1b,1228208243,data/images/1228208243_d8e79f1b.jpg,train,1,1,1
1228208682_5cd0af81,1228208682,data/images/1228208682_5cd0af81.jpg,train,1,1,0
1228208721_31e2d1d1,1228208721,data/images/1228208721_31e2d1d1.jpg,train,1,1,0
1228210891_2cb2a10f,1228210891,data/images/1228210891_2cb2a10f.jpg,train,1,0,0
1228210987_d8f4400a,1228210987,data/images/1228210987_d8f4400a.jpg,train,0,0,0
1228212490_046648ff,1228212490,data/images/1228212490_046648ff.jpg,train,0,1,0
1228212709_41b80a86,1228212709,data/images/1228212709_41b80a86.jpg,train,1,1,0
1228213852_e9ce9bd6,1228213852,data/images/1228213852_e9ce9bd6.jpg,train,1,1,0
1228213928_bd6a84f7,1228213928,data/images/1228213928_bd6a84f7.jpg,train,1,1,0
1228214143_ebef7e6c,1228214143,data/images/1228214143_ebef7e6c.jpg,train,0,0,1
1228214339_98b0c301,1228214339,data/images/1228214339_98b0c301.jpg,train,0,0,1
1228214467_175a4025,1228214467,data/images/1228214467_175a4025.jpg,train,0,0,1
1228214788_c6f18e4d,1228214788,data/images/1228214788_c6f18e4d.jpg,train,1,1,0
1228215449_42b74410,1228215449,data/images/1228215449_42b74410.jpg,train,0,0,1
1228216619_b38bff18,1228216619,data/images/1228216619_b38bff18.jpg,train,0,1,0
1228218143_14d46cd2,1228218143,data/images/1228218143_14d46cd2.jpg,train,1,1,0
1228219032_4807c656,1228219032,data/images/1228219032_4807c656.jpg,train,0,1,0
1228220267_bb906289,1228220267,data/images/1228220267_bb906289.jpg,train,1,1,0
1228220306_af17021e,1228220306,data/images/1228220306_af17021e.jpg,train,0,1,1
1228221148_d01c46cb,1228221148,data/images/1228221148_d01c46cb.jpg,train,0,1,0
1228222653_3aa7bdd1,1228222653,data/images/1228222653_3aa7bdd1.jpg,train,0,0,1
1228222974_ce71a5d6,1228222974,data/images/1228222974_ce71a5d6.jpg,train,1,1,0
1228223588_c8a6f298,1228223588,data/images/1228223588_c8a6f298.jpg,train,0,1,0
1228224692_4d9c6434,1228224692,data/images/1228224692_4d9c6434.jpg,train,1,0,0
1228226152_f072a1b7,1228226152,data/images/1228226152_f072a1b7.jpg,train,1,1,1
1228226230_cc948e23,1228226230,data/images/1228226230_cc948e23.jpg,train,0,1,0
1228226830_9a0c306c,1228226830,data/images/1228226830_9a0c306c.jpg,train,1,0,0
1228227976_56b5bc01,1228227976,data/images/1228227976_56b5bc01.jpg,train,1,1,0
1228228933_001aefeb,1228228933,data/images/1228228933_001aefeb.jpg,train,1,1,0
1228230211_14f3e473,1228230211,data/images/1228230211_14f3e473.jpg,train,0,1,0
1228232702_e450d91c,1228232702,data/images/1228232702_e450d91c.jpg,train,1,0,0
1228232975_cc9bd3ca,1228232975,data/images/1228232975_cc9bd3ca.jpg,train,0,1,0
1228234371_e46267b5,1228234371,data/images/1228234371_e46267b5.jpg,train,0,0,1
1228234726_da671150,1228234726,data/images/1228234726_da671150.jpg,train,1,0,0
1228235618_2233839d,1228235618,data/images/1228235618_2233839d.jpg,train,0,1,0
1228237387_531c14c8,1228237387,data/images/1228237387_531c14c8.jpg,train,0,1,0
1228237821_7e690d54,1228237821,data/images/1228237821_7e690d54.jpg,train,1,0,0
1228237846_4868f6ba,1228237846,data/images/1228237846_4868f6ba.jpg,train,0,0,1
1228238286_dfda0015,1228238286,data/images/1228238286_dfda0015.jpg,train,0,0,1
1228240844_aca8a595,1228240844,data/images/1228240844_aca8a595.jpg,train,0,0,0
1228241696_985e0c7d,1228241696,data/images/1228241696_985e0c7d.jpg,train,1,1,0
1228245765_4ded9e10,1228245765,data/images/1228245765_4ded9e10.jpg,train,0,0,1
1228247030_dc043826,1228247030,data/images/1228247030_dc043826.jpg,train,0,0,1
1228247715_e1501768,1228247715,data/images/1228247715_e1501768.jpg,train,1,0,0
1228248793_6b1beba1,1228248793,data/images/1228248793_6b1beba1.jpg,train,0,1,0
1228248985_c26b7df0,1228248985,data/images/1228248985_c26b7df0.jpg,train,1,0,0
1228250679_b131d448,1228250679,data/images/1228250679_b131d448.jpg,train,1,0,0
1228251442_dba25c0a,1228251442,data/images/1228251442_dba25c0a.jpg,train,1,0,0
1228255627_a88804ca,1228255627,data/images/1228255627_a88804ca.jpg,train,1,0,0
1228258425_c17a6f3d,1228258425,data/images/1228258425_c17a6f3d.jpg,train,0,0,1
1228258857_d866205b,1228258857,data/images/1228258857_d866205b.jpg,train,0,0,1
1228260922_58a3d537,1228260922,data/images/1228260922_58a3d537.jpg,train,0,0,1
1228264676_df4849b1,1228264676,data/images/1228264676_df4849b1.jpg,train,1,1,0
1228267726_3dcfbfb2,1228267726,data/images/1228267726_3dcfbfb2.jpg,train,0,0,1
1228269996_2d6476ba,1228269996,data/images/1228269996_2d6476ba.jpg,train,1,0,0
1228271600_8fe1ac82,1228271600,data/images/1228271600_8fe1ac82.jpg,train,1,0,0
1228273869_dacbaad3,1228273869,data/images/1228273869_dacbaad3.jpg,train,1,0,0
1228276150_42f2fbac,1228276150,data/images/1228276150_42f2fbac.jpg,train,0,0,0
1228278701_0cfc9a6c,1228278701,data/images/1228278701_0cfc9a6c.jpg,train,0,0,1
1228279765_55f1cdb3,1228279765,data/images/1228279765_55f1cdb3.jpg,train,0,0,1
1228280259_1d4ecfe1,1228280259,data/images/1228280259_1d4ecfe1.jpg,train,0,0,1
1228281398_0d711d9f,1228281398,data/images/1228281398_0d711d9f.jpg,train,0,0,1
1228281922_e22bebcc,1228281922,data/images/1228281922_e22bebcc.jpg,train,0,0,1
1228282469_4e78f1cb,1228282469,data/images/1228282469_4e78f1cb.jpg,train,1,0,0
1228283824_56d6f975,1228283824,data/images/1228283824_56d6f975.jpg,train,0,0,0
1228284914_f7f852f7,1228284914,data/images/1228284914_f7f852f7.jpg,train,0,1,0
1228286704_43fb6aa5,1228286704,data/images/1228286704_43fb6aa5.jpg,train,1,0,0
1228288403_a26da1b9,1228288403,data/images/1228288403_a26da1b9.jpg,train,0,0,1
1228292667_e3c40301,1228292667,data/images/1228292667_e3c40301.jpg,train,1,1,0
1228293412_350e34c4,1228293412,data/images/1228293412_350e34c4.jpg,train,1,1,0
1228293912_a62f07b4,1228293912,data/images/1228293912_a62f07b4.jpg,train,1,1,0
1228294714_5aa85416,1228294714,data/images/1228294714_5aa85416.jpg,train,1,0,0
1228294999_8f1f3493,1228294999,data/images/1228294999_8f1f3493.jpg,train,1,1,1
1228295943_769fea3a,1228295943,data/images/1228295943_769fea3a.jpg,train,0,1,0
1228297109_80a49efb,1228297109,data/images/1228297109_80a49efb.jpg,train,1,0,0
1228298608_b67902d9,1228298608,data/images/1228298608_b67902d9.jpg,train,0,0,0
1228301390_1fc74063,1228301390,data/images/1228301390_1fc74063.jpg,train,0,1,0
1228301832_2de9b936,1228301832,data/images/1228301832_2de9b936.jpg,train,0,1,0
1228303841_db631d44,1228303841,data/images/1228303841_db631d44.jpg,train,1,0,0
1228304335_ab7030c3,1228304335,data/images/1228304335_ab7030c3.jpg,train,0,0,1
1228305001_626b99df,1228305001,data/images/1228305001_626b99df.jpg,train,0,0,1
1228305642_7b0d9d02,1228305642,data/images/1228305642_7b0d9d02.jpg,train,0,0,1
1228305954_6430ffcf,1228305954,data/images/1228305954_6430ffcf.jpg,train,0,1,0
1228309654_dc7385c8,1228309654,data/images/1228309654_dc7385c8.jpg,train,0,0,1
1228310428_98a36467,1228310428,data/images/1228310428_98a36467.jpg,train,0,1,0
1228312770_d635be43,1228312770,data/images/1228312770_d635be43.jpg,train,1,0,0
1228314176_ad8ea549,1228314176,data/images/1228314176_ad8ea549.jpg,train,0,1,0
1228315149_9d115eb2,1228315149,data/images/1228315149_9d115eb2.jpg,train,0,0,1
1228316581_b849a630,1228316581,data/images/1228316581_b849a630.jpg,train,0,1,0
1228317173_7912ddba,1228317173,data/images/1228317173_7912ddba.jpg,train,0,1,0
1228317439_061d9971,1228317439,data/images/1228317439_061d9971.jpg,train,1,1,0
1228317745_ce1fa5b6,1228317745,data/images/1228317745_ce1fa5b6.jpg,train,1,1,0
1228319705_433e8588,1228319705,data/images/1228319705_433e8588.jpg,train,1,0,0
1228319738_493e3194,1228319738,data/images/1228319738_493e3194.jpg,train,0,0,1
1228319757_ebeca4a0,1228319757,data/images/1228319757_ebeca4a0.jpg,train,1,1,0
1228320439_7de7c1f1,1228320439,data/images/1228320439_7de7c1f1.jpg,train,1,0,0
1228320677_5db4c5b6,1228320677,data/images/1228320677_5db4c5b6.jpg,train,0,0,1
1228322046_719b304a,1228322046,data/images/1228322046_719b304a.jpg,train,1,1,0
1228328556_44a8964f,1228328556,data/images/1228328556_44a8964f.jpg,train,1,1,0
1228329519_6a052eb0,1228329519,data/images/1228329519_6a052eb0.jpg,train,1,0,0
1228330038_19b19339,1228330038,data/images/1228330038_19b19339.jpg,train,1,0,0
1228330775_26a9d103,1228330775,data/images/1228330775_26a9d103.jpg,train,1,1,0
1228331280_32b9cacc,1228331280,data/images/1228331280_32b9cacc.jpg,train,1,1,0
1228331297_7d8d45ff,1228331297,data/images/1228331297_7d8d45ff.jpg,train,0,0,1
1228333784_0fb17a33,1228333784,data/images/1228333784_0fb17a33.jpg,train,1,0,0
1228333971_6b94922c,1228333971,data/images/1228333971_6b94922c.jpg,train,1,0,0
1228334447_c645d6f2,1228334447,data/images/1228334447_c645d6f2.jpg,train,1,1,0
1228337262_116225b0,1228337262,data/images/1228337262_116225b0.jpg,train,1,1,0
1228337333_928f3c61,1228337333,data/images/1228337333_928f3c61.jpg,train,1,0,0
1228340845_61b94102,1228340845,data/images/1228340845_61b94102.jpg,train,1,0,0
1228340981_2668b575,1228340981,data/images/1228340981_2668b575.jpg,train,0,0,1
1228341720_02374855,1228341720,data/images/1228341720_02374855.jpg,train,0,1,0
1228342763_586536ce,1228342763,data/images/1228342763_586536ce.jpg,train,1,1,0
1228342968_b8dc2591,1228342968,data/images/1228342968_b8dc2591.jpg,train,1,0,0
1228344500_69f4fde9,1228344500,data/images/1228344500_69f4fde9.jpg,train,1,0,0
1228344569_828e8c8a,1228344569,data/images/1228344569_828e8c8a.jpg,train,0,0,1
1228347559_2009dbf1,1228347559,data/images/1228347559_2009dbf1.jpg,train,0,0,1
1228350831_89886d75,1228350831,data/images/1228350831_89886d75.jpg,train,0,0,1
1228351990_95cf99a3,1228351990,data/images/1228351990_95cf99a3.jpg,train,1,0,0
1228352393_ec627158,1228352393,data/images/1228352393_ec627158.jpg,train,1,1,0
1228353840_b825f161,1228353840,data/images/1228353840_b825f161.jpg,train,0,0,1
1228354188_b31a8564,1228354188,data/images/1228354188_b31a8564.jpg,train,1,1,0
1228356563_ad1e85c3,1228356563,data/images/1228356563_ad1e85c3.jpg,train,0,1,0
1228356917_50ca0e13,1228356917,data/images/1228356917_50ca0e13.jpg,train,1,1,0
1228357485_959a8984,1228357485,data/images/1228357485_959a8984.jpg,train,0,0,0
1228357780_cf25afab,1228357780,data/images/1228357780_cf25afab.jpg,train,0,0,1
1228360579_c6bd108f,1228360579,data/images/1228360579_c6bd108f.jpg,train,0,1,1
1228363445_8db01a56,1228363445,data/images/1228363445_8db01a56.jpg,train,0,0,0
1228363755_2b1a5148,1228363755,data/images/1228363755_2b1a5148.jpg,train,0,0,0
1228365025_5438c5fe,1228365025,data/images/1228365025_5438c5fe.jpg,train,1,1,0
1228366486_7bcaa1db,1228366486,data/images/1228366486_7bcaa1db.jpg,train,0,0,1
1228375236_091b7df2,1228375236,data/images/1228375236_091b7df2.jpg,train,1,0,0
1228377502_eac1495a,1228377502,data/images/1228377502_eac1495a.jpg,train,1,0,0
1228378890_c9bf537b,1228378890,data/images/1228378890_c9bf537b.jpg,train,0,0,0
1228386954_5c5153ba,1228386954,data/images/1228386954_5c5153ba.jpg,train,1,0,0
1228387331_7dd9420a,1228387331,data/images/1228387331_7dd9420a.jpg,train,1,0,0
1228389480_fd7f3a8e,1228389480,data/images/1228389480_fd7f3a8e.jpg,train,0,0,1
1228390141_6c5a0f78,1228390141,data/images/1228390141_6c5a0f78.jpg,train,0,0,1
1228390291_85798e80,1228390291,data/images/1228390291_85798e80.jpg,train,1,0,0
1228390718_df3462ad,1228390718,data/images/1228390718_df3462ad.jpg,train,1,1,0
1228391121_3b09e8b4,1228391121,data/images/1228391121_3b09e8b4.jpg,train,0,0,1
1228393012_450e0917,1228393012,data/images/1228393012_450e0917.jpg,train,0,0,1
1228394374_e37e6d9a,1228394374,data/images/1228394374_e37e6d9a.jpg,train,1,0,0
1228396820_f66adb3f,1228396820,data/images/1228396820_f66adb3f.jpg,train,0,0,1
1228398856_37e49fb3,1228398856,data/images/1228398856_37e49fb3.jpg,train,0,0,1
1228398884_73f8ed03,1228398884,data/images/1228398884_73f8ed03.jpg,train,0,0,1
1228398935_7f999733,1228398935,data/images/1228398935_7f999733.jpg,train,0,1,0
1228399598_0d2c4c99,1228399598,data/images/1228399598_0d2c4c99.jpg,train,0,1,0
1228401934_4ed671ee,1228401934,data/images/1228401934_4ed671ee.jpg,train,0,0,1
1228402453_a21cc794,1228402453,data/images/1228402453_a21cc794.jpg,train,1,1,0
1228403520_026da50d,1228403520,data/images/1228403520_026da50d.jpg,train,1,0,0
1228405059_957f73c9,1228405059,data/images/1228405059_957f73c9.jpg,train,1,1,0
1228405294_49171877,1228405294,data/images/1228405294_49171877.jpg,train,1,1,0
1228405467_f5769bc4,1228405467,data/images/1228405467_f5769bc4.jpg,train,0,0,1
1228406646_f556f094,1228406646,data/images/1228406646_f556f094.jpg,train,0,1,0
1228407395_3eaf36c4,1228407395,data/images/1228407395_3eaf36c4.jpg,train,0,1,0
1228408862_179e2f57,1228408862,data/images/1228408862_179e2f57.jpg,train,1,1,0
1228410047_db709fdb,1228410047,data/images/1228410047_db709fdb.jpg,train,1,0,0
1228414283_06401641,1228414283,data/images/1228414283_06401641.jpg,train,0,1,0
1228416719_4e98c802,1228416719,data/images/1228416719_4e98c802.jpg,train,0,1,0
1228417801_d7687f02,1228417801,data/images/1228417801_d7687f02.jpg,train,0,0,1
1228419262_1eb43239,1228419262,data/images/1228419262_1eb43239.jpg,train,1,1,0
1228419539_cbd8c222,1228419539,data/images/1228419539_cbd8c222.jpg,train,0,0,1
1228422951_6c641549,1228422951,data/images/1228422951_6c641549.jpg,train,0,0,1
1228426413_2ccf3270,1228426413,data/images/1228426413_2ccf3270.jpg,train,0,0,1
1228426742_ee551494,1228426742,data/images/1228426742_ee551494.jpg,train,1,1,0
1228430480_3265bc89,1228430480,data/images/1228430480_3265bc89.jpg,train,0,1,0
1228430728_20fe5694,1228430728,data/images/1228430728_20fe5694.jpg,train,0,1,0
1228431059_96f2ea54,1228431059,data/images/1228431059_96f2ea54.jpg,train,0,0,1
1228433801_0b168ffa,1228433801,data/images/1228433801_0b168ffa.jpg,train,0,0,1
1228440081_f877178e,1228440081,data/images/1228440081_f877178e.jpg,train,0,0,1
1228440784_ed961d7d,1228440784,data/images/1228440784_ed961d7d.jpg,train,1,0,0
1228441253_59810f45,1228441253,data/images/1228441253_59810f45.jpg,train,0,1,0
1228442830_572b2753,1228442830,data/images/1228442830_572b2753.jpg,train,0,0,1
1228444054_280a2b34,1228444054,data/images/1228444054_280a2b34.jpg,train,1,0,0
1228446214_f4fed231,1228446214,data/images/1228446214_f4fed231.jpg,train,1,0,0
1228446698_d3c64e25,1228446698,data/images/1228446698_d3c64e25.jpg,train,0,0,1
1228447252_ffefb569,1228447252,data/images/1228447252_ffefb569.jpg,train,1,1,0
1228447403_f7f1dec7,1228447403,data/images/1228447403_f7f1dec7.jpg,train,0,1,0
1228447986_6b4a063b,1228447986,data/images/1228447986_6b4a063b.jpg,train,1,0,0
1228449021_ea982570,1228449021,data/images/1228449021_ea982570.jpg,train,0,1,0
1228450018_53d46202,1228450018,data/images/1228450018_53d46202.jpg,train,0,1,0
1228452218_34d25593,1228452218,data/images/1228452218_34d25593.jpg,train,0,0,0
1228452773_15cd5ff2,1228452773,data/images/1228452773_15cd5ff2.jpg,train,1,1,0
1228461070_053dea6a,1228461070,data/images/1228461070_053dea6a.jpg,train,0,0,1
1228462123_0a29ad0c,1228462123,data/images/1228462123_0a29ad0c.jpg,train,1,0,0
1228463250_9b46824a,1228463250,data/images/1228463250_9b46824a.jpg,train,0,0,1
1228465650_2ac0364f,1228465650,data/images/1228465650_2ac0364f.jpg,train,0,1,0
1228466421_5c0d65ad,1228466421,data/images/1228466421_5c0d65ad.jpg,train,0,1,1
1228467731_98d95f76,1228467731,data/images/1228467731_98d95f76.jpg,train,1,1,0
1228468350_3605afc2,1228468350,data/images/1228468350_3605afc2.jpg,train,1,0,0
1228468732_874cc7f7,1228468732,data/images/1228468732_874cc7f7.jpg,train,0,0,0
1228468759_42c5b016,1228468759,data/images/1228468759_42c5b016.jpg,train,0,1,0
1228470140_7a6c1775,1228470140,data/images/1228470140_7a6c1775.jpg,train,1,1,0
1228470569_12feae19,1228470569,data/images/1228470569_12feae19.jpg,train,0,0,1
1228470795_543681dd,1228470795,data/images/1228470795_543681dd.jpg,train,1,0,0
1228472104_0cf96503,1228472104,data/images/1228472104_0cf96503.jpg,train,0,0,1
1228474279_7c136583,1228474279,data/images/1228474279_7c136583.jpg,train,0,1,0
1228474281_82d6e3a0,1228474281,data/images/1228474281_82d6e3a0.jpg,train,0,0,1
1228476527_2eb11604,1228476527,data/images/1228476527_2eb11604.jpg,train,1,1,0
1228477608_1d234845,1228477608,data/images/1228477608_1d234845.jpg,train,1,0,0
1228478533_c905cad9,1228478533,data/images/1228478533_c905cad9.jpg,train,0,0,1
1228478704_af3a6abd,1228478704,data/images/1228478704_af3a6abd.jpg,train,0,0,1
1228481412_4bed0997,1228481412,data/images/1228481412_4bed0997.jpg,train,1,1,0
1228481951_c9592524,1228481951,data/images/1228481951_c9592524.jpg,train,0,0,1
1228482444_496b26db,1228482444,data/images/1228482444_496b26db.jpg,train,0,0,1
1228482480_a4562f78,1228482480,data/images/1228482480_a4562f78.jpg,train,1,0,0
1228483126_30a4c49b,1228483126,data/images/1228483126_30a4c49b.jpg,train,0,0,0
1228485323_f50bc0b8,1228485323,data/images/1228485323_f50bc0b8.jpg,train,0,0,1
1228485849_a2aa58ba,1228485849,data/images/1228485849_a2aa58ba.jpg,train,1,1,0
1228486222_2d369dd2,1228486222,data/images/1228486222_2d369dd2.jpg,train,1,1,0
1228487312_e715764b,1228487312,data/images/1228487312_e715764b.jpg,train,0,0,1
1228487665_5fb276e7,1228487665,data/images/1228487665_5fb276e7.jpg,train,0,0,1
1228488264_34d19ab7,1228488264,data/images/1228488264_34d19ab7.jpg,train,1,0,0
1228488289_73dd5c14,1228488289,data/images/1228488289_73dd5c14.jpg,train,1,1,0
1228488411_66a695d8,1228488411,data/images/1228488411_66a695d8.jpg,train,0,0,1
1228489902_d5f0fc84,1228489902,data/images/1228489902_d5f0fc84.jpg,train,0,0,1
1228490544_e6bee1e9,1228490544,data/images/1228490544_e6bee1e9.jpg,train,1,0,0
1228495769_5d593803,1228495769,data/images/1228495769_5d593803.jpg,train,0,0,1
1228496531_00069f98,1228496531,data/images/1228496531_00069f98.jpg,train,0,1,0
1228500139_eb7ff0a7,1228500139,data/images/1228500139_eb7ff0a7.jpg,train,0,0,1
1228500267_f8c4ff04,1228500267,data/images/1228500267_f8c4ff04.jpg,train,0,1,0
1228503475_340cdf83,1228503475,data/images/1228503475_340cdf83.jpg,train,0,0,1
1228503816_e0504782,1228503816,data/images/1228503816_e0504782.jpg,train,1,0,0
1228503894_5e3a6838,1228503894,data/images/1228503894_5e3a6838.jpg,train,1,0,0
1228504217_1c6c2e75,1228504217,data/images/1228504217_1c6c2e75.jpg,train,1,0,0
1228505042_cf3b8485,1228505042,data/images/1228505042_cf3b8485.jpg,train,0,0,1
1228505382_e506b5bf,1228505382,data/images/1228505382_e506b5bf.jpg,train,0,1,0
1228509877_e79c743c,1228509877,data/images/1228509877_e79c743c.jpg,train,0,1,1
1228509999_2d920d15,1228509999,data/images/1228509999_2d920d15.jpg,train,0,1,0
1228510714_06631b0d,1228510714,data/images/1228510714_06631b0d.jpg,train,0,0,1
1228511015_1c3bef02,1228511015,data/images/1228511015_1c3bef02.jpg,train,1,1,0
1228511208_ce334ebb,1228511208,data/images/1228511208_ce334ebb.jpg,train,1,0,0
1228511557_70d12d68,1228511557,data/images/1228511557_70d12d68.jpg,train,1,1,0
1228512036_b9604393,1228512036,data/images/1228512036_b9604393.jpg,train,1,0,0
1228512722_fc7c4f07,1228512722,data/images/1228512722_fc7c4f07.jpg,train,1,0,0
1228512949_c04d8f8f,1228512949,data/images/1228512949_c04d8f8f.jpg,train,0,1,0
1228513332_f3dc073b,1228513332,data/images/1228513332_f3dc073b.jpg,train,0,0,1
1228514863_6d466521,1228514863,data/images/1228514863_6d466521.jpg,train,1,0,0
1228515148_5d962fdf,1228515148,data/images/1228515148_5d962fdf.jpg,train,0,0,1
1228516931_3eefd0c7,1228516931,data/images/1228516931_3eefd0c7.jpg,train,0,1,0
1228517471_9568fd0f,1228517471,data/images/1228517471_9568fd0f.jpg,train,0,1,0
1228518291_d5951345,1228518291,data/images/1228518291_d5951345.jpg,train,1,1,0
1228520656_793d9868,1228520656,data/images/1228520656_793d9868.jpg,train,0,0,1
1228520781_fcab11d6,1228520781,data/images/1228520781_fcab11d6.jpg,train,0,0,1
1228521949_af09c7fe,1228521949,data/images/1228521949_af09c7fe.jpg,train,0,0,1
1228522005_8ce714e9,1228522005,data/images/1228522005_8ce714e9.jpg,train,1,0,0
1228522351_e893a7fa,1228522351,data/images/1228522351_e893a7fa.jpg,train,0,0,1
1228523789_f5c627f7,1228523789,data/images/1228523789_f5c627f7.jpg,train,0,0,1
1228523859_abe70b61,1228523859,data/images/1228523859_abe70b61.jpg,train,1,1,0
1228524510_8c568425,1228524510,data/images/1228524510_8c568425.jpg,train,1,1,0
1228526133_698d14c6,1228526133,data/images/1228526133_698d14c6.jpg,train,1,1,0
1228528850_f0a16e6f,1228528850,data/images/1228528850_f0a16e6f.jpg,train,0,0,1
1228529136_cf250b2d,1228529136,data/images/1228529136_cf250b2d.jpg,train,0,1,0
1228529271_08d1be9a,1228529271,data/images/1228529271_08d1be9a.jpg,train,0,0,1
1228532281_73d1ad20,1228532281,data/images/1228532281_73d1ad20.jpg,train,1,0,1
1228533041_59392e69,1228533041,data/images/1228533041_59392e69.jpg,train,0,0,0
1228533061_92a30522,1228533061,data/images/1228533061_92a30522.jpg,train,0,1,0
1228533135_47e7bb0a,1228533135,data/images/1228533135_47e7bb0a.jpg,train,1,1,0
1228534653_e930b6a0,1228534653,data/images/1228534653_e930b6a0.jpg,train,0,0,0
1228536511_499b0d0a,1228536511,data/images/1228536511_499b0d0a.jpg,train,0,1,0
1228538518_fcb4e1dd,1228538518,data/images/1228538518_fcb4e1dd.jpg,train,0,0,1
1228542991_cf602b27,1228542991,data/images/1228542991_cf602b27.jpg,train,0,1,0
1228543475_23c4d137,1228543475,data/images/1228543475_23c4d137.jpg,train,1,1,0
1228545613_b26e1c4e,1228545613,data/images/1228545613_b26e1c4e.jpg,train,1,1,0
1228546540_3319cecb,1228546540,data/images/1228546540_3319cecb.jpg,train,0,1,0
1228548461_8778ea21,1228548461,data/images/1228548461_8778ea21.jpg,train,0,0,1
1228548509_54b76385,1228548509,data/images/1228548509_54b76385.jpg,train,1,0,0
1228549815_ad2a600e,1228549815,data/images/1228549815_ad2a600e.jpg,train,0,0,1
1228551006_3858ee04,1228551006,data/images/1228551006_3858ee04.jpg,train,0,0,1
1228551295_de919d8f,1228551295,data/images/1228551295_de919d8f.jpg,train,1,1,0
1228552879_75575073,1228552879,data/images/1228552879_75575073.jpg,train,0,0,1
1228554596_3ce8e6a8,1228554596,data/images/1228554596_3ce8e6a8.jpg,train,0,1,0
1228555111_9b2a971c,1228555111,data/images/1228555111_9b2a971c.jpg,train,0,1,0
1228556668_68d21e3c,1228556668,data/images/1228556668_68d21e3c.jpg,train,0,1,0
1228557894_a3e636b4,1228557894,data/images/1228557894_a3e636b4.jpg,train,0,0,1
1228560242_8687b658,1228560242,data/images/1228560242_8687b658.jpg,train,0,0,0
1228560346_0f734d1a,1228560346,data/images/1228560346_0f734d1a.jpg,train,0,0,0
1228561616_5d723039,1228561616,data/images/1228561616_5d723039.jpg,train,1,1,0
1228561653_ff54e068,1228561653,data/images/1228561653_ff54e068.jpg,train,0,1,0
1228564096_46be8c48,1228564096,data/images/1228564096_46be8c48.jpg,train,1,1,0
1228566478_ab5fa7f6,1228566478,data/images/1228566478_ab5fa7f6.jpg,train,0,0,0
1228567411_8774cacd,1228567411,data/images/1228567411_8774cacd.jpg,train,0,0,0
1228569695_5d2ecb61,1228569695,data/images/1228569695_5d2ecb61.jpg,train,0,1,0
1228570961_595d75cc,1228570961,data/images/1228570961_595d75cc.jpg,train,0,0,1
1228571082_f1f37db0,1228571082,data/images/1228571082_f1f37db0.jpg,train,0,0,1
1228571865_fcf76e0e,1228571865,data/images/1228571865_fcf76e0e.jpg,train,0,1,0
1228572191_6d752a7c,1228572191,data/images/1228572191_6d752a7c.jpg,train,1,0,0
1228573112_aaa0235f,1228573112,data/images/1228573112_aaa0235f.jpg,train,0,0,1
1228574133_b0a08c25,1228574133,data/images/1228574133_b0a08c25.jpg,train,1,1,0
1228574458_6a48009d,1228574458,data/images/1228574458_6a48009d.jpg,train,0,1,1
1228576061_0c2dc43a,1228576061,data/images/1228576061_0c2dc43a.jpg,train,1,1,0
1228576106_e593251c,1228576106,data/images/1228576106_e593251c.jpg,train,1,0,0
1228576880_c6b2abfe,1228576880,data/images/1228576880_c6b2abfe.jpg,train,0,1,0
1228579031_11d58aa5,1228579031,data/images/1228579031_11d58aa5.jpg,train,1,1,0
1228579031_e73b6474,1228579031,data/images/1228579031_e73b6474.jpg,train,1,1,0
1228581179_4de4a363,1228581179,data/images/1228581179_4de4a363.jpg,train,0,0,1
1228583571_6552f275,1228583571,data/images/1228583571_6552f275.jpg,train,0,1,0
1228584991_96f6221a,1228584991,data/images/1228584991_96f6221a.jpg,train,1,1,0
1228585309_c1317cf4,1228585309,data/images/1228585309_c1317cf4.jpg,train,1,1,0
1228585341_1265810a,1228585341,data/images/1228585341_1265810a.jpg,train,1,0,1
1228586440_3caa8f92,1228586440,data/images/1228586440_3caa8f92.jpg,train,0,0,1
1228587235_242529bf,1228587235,data/images/1228587235_242529bf.jpg,train,0,0,0
1228588326_6bd9ca5b,1228588326,data/images/1228588326_6bd9ca5b.jpg,train,1,0,0
1228588360_8774d7d2,1228588360,data/images/1228588360_8774d7d2.jpg,train,0,0,1
1228589601_66363c2f,1228589601,data/images/1228589601_66363c2f.jpg,train,1,1,0
1228590265_d357c2a1,1228590265,data/images/1228590265_d357c2a1.jpg,train,1,0,0
1228590883_d47d91fe,1228590883,data/images/1228590883_d47d91fe.jpg,train,0,0,1
1228591107_a6a0be28,1228591107,data/images/1228591107_a6a0be28.jpg,train,0,0,0
1228591147_aed5f923,1228591147,data/images/1228591147_aed5f923.jpg,train,0,0,1
1228591458_11901510,1228591458,data/images/1228591458_11901510.jpg,train,0,0,0
1228593514_8bbc09eb,1228593514,data/images/1228593514_8bbc09eb.jpg,train,0,0,0
1228594433_976edee0,1228594433,data/images/1228594433_976edee0.jpg,train,0,0,0
1228595421_8f745160,1228595421,data/images/1228595421_8f745160.jpg,train,0,1,0
1228597438_222425f6,1228597438,data/images/1228597438_222425f6.jpg,train,1,1,0
1228597668_1faccfb4,1228597668,data/images/1228597668_1faccfb4.jpg,train,1,1,0
1228598471_34960c5f,1228598471,data/images/1228598471_34960c5f.jpg,train,0,0,1
1228598615_dcc7b38f,1228598615,data/images/1228598615_dcc7b38f.jpg,train,0,0,1
1228599741_2bf9db92,1228599741,data/images/1228599741_2bf9db92.jpg,train,0,1,0
1228599915_48e2bfbe,1228599915,data/images/1228599915_48e2bfbe.jpg,train,1,1,0
1228600021_2b402d5d,1228600021,data/images/1228600021_2b402d5d.jpg,train,0,0,1
1228600847_8f63777a,1228600847,data/images/1228600847_8f63777a.jpg,train,0,0,0
1228601227_94771070,1228601227,data/images/1228601227_94771070.jpg,train,0,0,0
1228601359_082c3aeb,1228601359,data/images/1228601359_082c3aeb.jpg,train,0,0,1
1228601499_c89615bf,1228601499,data/images/1228601499_c89615bf.jpg,train,1,1,0
1228603172_28d990c3,1228603172,data/images/1228603172_28d990c3.jpg,train,1,1,0
1228603475_95b159c3,1228603475,data/images/1228603475_95b159c3.jpg,train,0,0,1
1228605426_41fdc4fc,1228605426,data/images/1228605426_41fdc4fc.jpg,train,0,1,0
1228606509_c25d737f,1228606509,data/images/1228606509_c25d737f.jpg,train,0,0,0
1228606605_da48ce91,1228606605,data/images/1228606605_da48ce91.jpg,train,1,0,0
1228607088_f54ddad3,1228607088,data/images/1228607088_f54ddad3.jpg,train,1,1,0
1228607539_507ad887,1228607539,data/images/1228607539_507ad887.jpg,train,1,1,0
1228607654_5053ef5d,1228607654,data/images/1228607654_5053ef5d.jpg,train,0,0,1
1228607897_de4985ab,1228607897,data/images/1228607897_de4985ab.jpg,train,0,0,1
1228607947_b295a70d,1228607947,data/images/1228607947_b295a70d.jpg,train,1,1,0
1228609081_5236c6a7,1228609081,data/images/1228609081_5236c6a7.jpg,train,1,1,0
1228611563_bfe615af,1228611563,data/images/1228611563_bfe615af.jpg,train,0,1,0
1228612288_32987d48,1228612288,data/images/1228612288_32987d48.jpg,train,0,0,0
1228613042_f50f0b6d,1228613042,data/images/1228613042_f50f0b6d.jpg,train,0,1,0
1228615903_19be1c73,1228615903,data/images/1228615903_19be1c73.jpg,train,0,0,0
1228616175_70e68332,1228616175,data/images/1228616175_70e68332.jpg,train,1,1,0
1228616444_547622e4,1228616444,data/images/1228616444_547622e4.jpg,train,1,1,0
1228619483_df93e6e4,1228619483,data/images/1228619483_df93e6e4.jpg,train,0,1,0
1228620379_572e8257,1228620379,data/images/1228620379_572e8257.jpg,train,1,0,0
1228621812_bb903b61,1228621812,data/images/1228621812_bb903b61.jpg,train,0,0,0
1228622247_f50733e8,1228622247,data/images/1228622247_f50733e8.jpg,train,1,1,0
1228624405_863d4381,1228624405,data/images/1228624405_863d4381.jpg,train,0,0,1
1228626025_2ba96c78,1228626025,data/images/1228626025_2ba96c78.jpg,train,0,0,1
1228628447_52cff6a4,1228628447,data/images/1228628447_52cff6a4.jpg,train,1,1,0
1228628771_9ddde37b,1228628771,data/images/1228628771_9ddde37b.jpg,train,1,1,0
1228629623_c32a5db2,1228629623,data/images/1228629623_c32a5db2.jpg,train,1,0,0
1228632529_4d8ebaed,1228632529,data/images/1228632529_4d8ebaed.jpg,train,0,0,0
1228633535_7c7814eb,1228633535,data/images/1228633535_7c7814eb.jpg,train,0,1,0
1228633632_abe6a373,1228633632,data/images/1228633632_abe6a373.jpg,train,0,0,1
1228633726_96917c85,1228633726,data/images/1228633726_96917c85.jpg,train,1,0,0
1228633741_9077c928,1228633741,data/images/1228633741_9077c928.jpg,train,0,0,1
1228633790_3ebecc9c,1228633790,data/images/1228633790_3ebecc9c.jpg,train,1,0,0
1228633795_177897e0,1228633795,data/images/1228633795_177897e0.jpg,train,0,1,0
1228633796_f7649d3a,1228633796,data/images/1228633796_f7649d3a.jpg,train,0,0,1
1228633799_538227cd,1228633799,data/images/1228633799_538227cd.jpg,train,0,0,1
1228633849_ec19e6e4,1228633849,data/images/1228633849_ec19e6e4.jpg,train,1,1,0
1228633860_f4b63e6b,1228633860,data/images/1228633860_f4b63e6b.jpg,train,0,1,0
1228633893_629e119b,1228633893,data/images/1228633893_629e119b.jpg,train,0,0,1
1228633936_46febee4,1228633936,data/images/1228633936_46febee4.jpg,train,0,0,0
1252639059_4ff312e3,1252639059,data/images/1252639059_4ff312e3.jpg,train,0,0,0
1252639103_4af48eae,1252639103,data/images/1252639103_4af48eae.jpg,train,0,1,0
1252639525_59b3fd31,1252639525,data/images/1252639525_59b3fd31.jpg,train,1,1,0
1252639530_c595a962,1252639530,data/images/1252639530_c595a962.jpg,train,0,0,0
1252639568_24724fe0,1252639568,data/images/1252639568_24724fe0.jpg,train,0,0,1
1252639598_2df5d657,1252639598,data/images/1252639598_2df5d657.jpg,train,0,1,0
1252639863_7b0eea92,1252639863,data/images/1252639863_7b0eea92.jpg,train,0,0,0
1252639901_63b5b7c0,1252639901,data/images/1252639901_63b5b7c0.jpg,train,0,0,1
1252640189_6a4d2321,1252640189,data/images/1252640189_6a4d2321.jpg,train,0,0,1
1252640249_16e6f169,1252640249,data/images/1252640249_16e6f169.jpg,train,0,1,0
1252640346_22fc3949,1252640346,data/images/1252640346_22fc3949.jpg,train,1,0,1
1252640504_8472f550,1252640504,data/images/1252640504_8472f550.jpg,train,0,1,1
1252640515_be42e276,1252640515,data/images/1252640515_be42e276.jpg,train,0,1,0
1252640587_e835e0f8,1252640587,data/images/1252640587_e835e0f8.jpg,train,1,0,0
1252640858_4a8d2801,1252640858,data/images/1252640858_4a8d2801.jpg,train,0,0,0
1252641017_49fb15b1,1252641017,data/images/1252641017_49fb15b1.jpg,train,0,0,1
1252641117_86a758cb,1252641117,data/images/1252641117_86a758cb.jpg,train,0,1,0
1252641321_e08ef649,1252641321,data/images/1252641321_e08ef649.jpg,train,1,1,0
1252641427_dc91c79d,1252641427,data/images/1252641427_dc91c79d.jpg,train,0,1,0
1252641521_bb0e30dc,1252641521,data/images/1252641521_bb0e30dc.jpg,train,0,1,0
1252641607_4f8fa446,1252641607,data/images/1252641607_4f8fa446.jpg,train,0,1,0
1252641624_6cbd86e7,1252641624,data/images/1252641624_6cbd86e7.jpg,train,1,0,0
1252641857_2fbc47b4,1252641857,data/images/1252641857_2fbc47b4.jpg,train,0,0,0
1257559491_e1715b21,1257559491,data/images/1257559491_e1715b21.jpg,train,1,1,0
1257719434_0e1f06f5,1257719434,data/images/1257719434_0e1f06f5.jpg,train,0,0,0
1257719434_128b1a62,1257719434,data/images/1257719434_128b1a62.jpg,train,0,0,0
1257725232_664bf1db,1257725232,data/images/1257725232_664bf1db.jpg,train,0,0,1
1257751032_a25eebcc,1257751032,data/images/1257751032_a25eebcc.jpg,train,0,0,0
1257752524_b3f86131,1257752524,data/images/1257752524_b3f86131.jpg,train,0,0,0
1258034987_f2a78032,1258034987,data/images/1258034987_f2a78032.jpg,train,1,0,0
1258130079_46b3ee38,1258130079,data/images/1258130079_46b3ee38.jpg,train,0,1,1
1258563156_fa6abef0,1258563156,data/images/1258563156_fa6abef0.jpg,train,1,1,1
1258628783_91602a07,1258628783,data/images/1258628783_91602a07.jpg,train,0,0,1
1258668482_3ccb3c98,1258668482,data/images/1258668482_3ccb3c98.jpg,train,0,1,0
1258668657_7dbfd817,1258668657,data/images/1258668657_7dbfd817.jpg,train,0,0,1
1258687243_5dc2b394,1258687243,data/images/1258687243_5dc2b394.jpg,train,0,0,0
1258744315_a278e183,1258744315,data/images/1258744315_a278e183.jpg,train,0,1,0
1258786707_fc0b20ed,1258786707,data/images/1258786707_fc0b20ed.jpg,train,0,0,0
1258945281_b00fd3c3,1258945281,data/images/1258945281_b00fd3c3.jpg,train,1,0,0
1258945500_dbb02c42,1258945500,data/images/1258945500_dbb02c42.jpg,train,0,1,0
1259386999_3833ec2d,1259386999,data/images/1259386999_3833ec2d.jpg,train,1,1,0
1259387003_3f763c22,1259387003,data/images/1259387003_3f763c22.jpg,train,0,0,1
1259387079_099528eb,1259387079,data/images/1259387079_099528eb.jpg,train,0,0,1
1259387106_0a0e84f1,1259387106,data/images/1259387106_0a0e84f1.jpg,train,0,1,0
1259569080_6927ebbb,1259569080,data/images/1259569080_6927ebbb.jpg,train,0,1,0
1259573714_b93d13b9,1259573714,data/images/1259573714_b93d13b9.jpg,train,0,1,0
1260130904_6df444b5,1260130904,data/images/1260130904_6df444b5.jpg,train,0,1,0
1260221297_556530c8,1260221297,data/images/1260221297_556530c8.jpg,train,0,0,1
1260353562_533f38a6,1260353562,data/images/1260353562_533f38a6.jpg,train,0,0,1
1260465262_3a1ee173,1260465262,data/images/1260465262_3a1ee173.jpg,train,1,1,0
1260465409_6ae2b933,1260465409,data/images/1260465409_6ae2b933.jpg,train,1,0,0
1260468649_b791eaab,1260468649,data/images/1260468649_b791eaab.jpg,train,0,0,0
1260476999_93de9d1d,1260476999,data/images/1260476999_93de9d1d.jpg,train,1,0,0
1260477710_cd601140,1260477710,data/images/1260477710_cd601140.jpg,train,0,0,1
1260508148_4780c469,1260508148,data/images/1260508148_4780c469.jpg,train,0,0,1
1260517821_a97758b4,1260517821,data/images/1260517821_a97758b4.jpg,train,0,0,0
1260563120_18e4b2fc,1260563120,data/images/1260563120_18e4b2fc.jpg,train,0,1,0
1261854294_19d69588,1261854294,data/images/1261854294_19d69588.jpg,train,1,1,0
1261898680_34a3e5aa,1261898680,data/images/1261898680_34a3e5aa.jpg,train,1,1,0
1262189035_7d7edc7c,1262189035,data/images/1262189035_7d7edc7c.jpg,train,1,1,0
1262189051_3cb12ddf,1262189051,data/images/1262189051_3cb12ddf.jpg,train,1,1,0
1262189051_45869da3,1262189051,data/images/1262189051_45869da3.jpg,train,1,1,0
1262189056_0baf7bdb,1262189056,data/images/1262189056_0baf7bdb.jpg,train,0,0,1
1262189056_606a60eb,1262189056,data/images/1262189056_606a60eb.jpg,train,0,0,1
1262189066_dc6f3995,1262189066,data/images/1262189066_dc6f3995.jpg,train,0,0,1
1262189084_de03462e,1262189084,data/images/1262189084_de03462e.jpg,train,0,1,0
1262189092_61759739,1262189092,data/images/1262189092_61759739.jpg,train,1,1,0
1262189095_95a2eaf9,1262189095,data/images/1262189095_95a2eaf9.jpg,train,1,0,0
1262189096_f60bb06a,1262189096,data/images/1262189096_f60bb06a.jpg,train,1,0,0
1262191287_845304ec,1262191287,data/images/1262191287_845304ec.jpg,train,0,0,1
1265788408_74aea1ae,1265788408,data/images/1265788408_74aea1ae.jpg,train,0,1,0
1265788898_595c6c70,1265788898,data/images/1265788898_595c6c70.jpg,train,0,1,0
1265788938_f5767141,1265788938,data/images/1265788938_f5767141.jpg,train,1,0,0
1265791437_b162aceb,1265791437,data/images/1265791437_b162aceb.jpg,train,1,0,0
1268699394_3bf3c5c2,1268699394,data/images/1268699394_3bf3c5c2.jpg,train,0,0,0
1321765413_c0454021,1321765413,data/images/1321765413_c0454021.jpg,train,0,0,1
1321962975_a0a1e191,1321962975,data/images/1321962975_a0a1e191.jpg,train,0,1,0
1321962975_b6051160,1321962975,data/images/1321962975_b6051160.jpg,train,0,1,0
1321962975_f59868ef,1321962975,data/images/1321962975_f59868ef.jpg,train,1,0,0
1322020393_89dde1a5,1322020393,data/images/1322020393_89dde1a5.jpg,train,0,0,1
1322140943_ded1aee0,1322140943,data/images/1322140943_ded1aee0.jpg,train,0,1,0
1322290846_076f0126,1322290846,data/images/1322290846_076f0126.jpg,train,1,0,0
1322345091_64991413,1322345091,data/images/1322345091_64991413.jpg,train,0,0,1
1322567647_738c6b23,1322567647,data/images/1322567647_738c6b23.jpg,train,0,1,0
1322877336_8a7bf1e9,1322877336,data/images/1322877336_8a7bf1e9.jpg,train,0,1,0
1423893526_0477eafd,1423893526,data/images/1423893526_0477eafd.jpg,train,0,1,0
1423895154_4ffb30e0,1423895154,data/images/1423895154_4ffb30e0.jpg,train,1,0,0
1423895173_b72a8e3a,1423895173,data/images/1423895173_b72a8e3a.jpg,train,1,0,0
1423896297_a3d0609a,1423896297,data/images/1423896297_a3d0609a.jpg,train,1,1,0
1423896599_5cbce7a5,1423896599,data/images/1423896599_5cbce7a5.jpg,train,0,1,0
1423897403_33778f49,1423897403,data/images/1423897403_33778f49.jpg,train,0,0,1
1423899358_43dd8d0b,1423899358,data/images/1423899358_43dd8d0b.jpg,train,0,1,0
1423899823_a05e7c87,1423899823,data/images/1423899823_a05e7c87.jpg,train,1,1,0
1423907447_de848129,1423907447,data/images/1423907447_de848129.jpg,train,0,0,1
1423912174_86735287,1423912174,data/images/1423912174_86735287.jpg,train,1,1,0
1423912449_6559d2ff,1423912449,data/images/1423912449_6559d2ff.jpg,train,0,0,1
1423912477_287365b2,1423912477,data/images/1423912477_287365b2.jpg,train,0,0,1
1423913852_02c4c1d7,1423913852,data/images/1423913852_02c4c1d7.jpg,train,0,0,1
1423918962_2631c8c5,1423918962,data/images/1423918962_2631c8c5.jpg,train,1,0,0
1423935786_eef727c0,1423935786,data/images/1423935786_eef727c0.jpg,train,1,0,0
1423937587_b52a52d2,1423937587,data/images/1423937587_b52a52d2.jpg,train,0,0,1
1424047276_b08141d8,1424047276,data/images/1424047276_b08141d8.jpg,train,1,0,0
1424047624_52253121,1424047624,data/images/1424047624_52253121.jpg,train,1,0,0
1424047638_30e8c7ef,1424047638,data/images/1424047638_30e8c7ef.jpg,train,0,0,1
1424066096_d5d766f4,1424066096,data/images/1424066096_d5d766f4.jpg,train,0,0,1
1424067038_af5582cf,1424067038,data/images/1424067038_af5582cf.jpg,train,0,1,0
1424067720_2dd97d89,1424067720,data/images/1424067720_2dd97d89.jpg,train,0,0,1
1424068721_d8f12d84,1424068721,data/images/1424068721_d8f12d84.jpg,train,0,1,0
1424068757_ece13fed,1424068757,data/images/1424068757_ece13fed.jpg,train,1,1,0
1424069296_da7d193c,1424069296,data/images/1424069296_da7d193c.jpg,train,0,0,1
1424069615_d7766744,1424069615,data/images/1424069615_d7766744.jpg,train,0,0,0
1424069932_3c829084,1424069932,data/images/1424069932_3c829084.jpg,train,0,0,1
1424071139_70be4af9,1424071139,data/images/1424071139_70be4af9.jpg,train,0,0,1
1424071770_2d039d21,1424071770,data/images/1424071770_2d039d21.jpg,train,1,0,0
1424072155_a43d54df,1424072155,data/images/1424072155_a43d54df.jpg,train,1,0,0
1424072474_18470ba5,1424072474,data/images/1424072474_18470ba5.jpg,train,0,0,1
1424072661_6da9f294,1424072661,data/images/1424072661_6da9f294.jpg,train,1,0,0
1424072713_1e1b73fb,1424072713,data/images/1424072713_1e1b73fb.jpg,train,1,1,0
1424073210_8f34eaa1,1424073210,data/images/1424073210_8f34eaa1.jpg,train,0,0,1
1424073237_24f8ed19,1424073237,data/images/1424073237_24f8ed19.jpg,train,0,0,1
1424073461_47c11395,1424073461,data/images/1424073461_47c11395.jpg,train,0,0,1
1424073572_1079d739,1424073572,data/images/1424073572_1079d739.jpg,train,1,0,0
1424074068_e4b3b661,1424074068,data/images/1424074068_e4b3b661.jpg,train,1,0,0
1424074205_fbf35929,1424074205,data/images/1424074205_fbf35929.jpg,train,0,1,0
1424074920_4075165f,1424074920,data/images/1424074920_4075165f.jpg,train,0,0,0
1424075679_70e0e21b,1424075679,data/images/1424075679_70e0e21b.jpg,train,0,1,0
1424075763_00eeb3b2,1424075763,data/images/1424075763_00eeb3b2.jpg,train,0,0,1
1424075799_95fb7a91,1424075799,data/images/1424075799_95fb7a91.jpg,train,1,1,0
1424077551_f1b4f746,1424077551,data/images/1424077551_f1b4f746.jpg,train,0,0,0
1424077612_48590976,1424077612,data/images/1424077612_48590976.jpg,train,0,0,1
1424077723_14f8abe8,1424077723,data/images/1424077723_14f8abe8.jpg,train,0,0,1
1424077846_fc79d658,1424077846,data/images/1424077846_fc79d658.jpg,train,0,0,0
1424078204_02cfdfbc,1424078204,data/images/1424078204_02cfdfbc.jpg,train,0,0,1
1424103358_f2cf574c,1424103358,data/images/1424103358_f2cf574c.jpg,train,0,0,1
1424110525_4093752b,1424110525,data/images/1424110525_4093752b.jpg,train,0,0,1
1424155252_9ca5da8b,1424155252,data/images/1424155252_9ca5da8b.jpg,train,1,0,0
1424155422_2026069a,1424155422,data/images/1424155422_2026069a.jpg,train,0,0,0
1424174514_bd57e5fe,1424174514,data/images/1424174514_bd57e5fe.jpg,train,0,0,1
1424174516_49285f74,1424174516,data/images/1424174516_49285f74.jpg,train,1,0,0
1424174629_780439bb,1424174629,data/images/1424174629_780439bb.jpg,train,0,0,1
1424175137_8f9c4c6e,1424175137,data/images/1424175137_8f9c4c6e.jpg,train,0,0,1
1424176060_ab7b7234,1424176060,data/images/1424176060_ab7b7234.jpg,train,0,0,1
1424182659_79934108,1424182659,data/images/1424182659_79934108.jpg,train,1,1,0
1424205281_2292ffbe,1424205281,data/images/1424205281_2292ffbe.jpg,train,0,1,0
1424205308_e575a16c,1424205308,data/images/1424205308_e575a16c.jpg,train,1,1,0
1424205538_b09b2f28,1424205538,data/images/1424205538_b09b2f28.jpg,train,0,0,1
1424214487_fc7db215,1424214487,data/images/1424214487_fc7db215.jpg,train,1,1,0
1424214727_10fd90a9,1424214727,data/images/1424214727_10fd90a9.jpg,train,0,0,1
1424214805_5bf2de66,1424214805,data/images/1424214805_5bf2de66.jpg,train,0,1,0
1424231036_d9546d5d,1424231036,data/images/1424231036_d9546d5d.jpg,train,0,0,1
1424235787_850506cd,1424235787,data/images/1424235787_850506cd.jpg,train,0,0,0
1424237220_e78b365b,1424237220,data/images/1424237220_e78b365b.jpg,train,0,1,0
1424238828_5c5da555,1424238828,data/images/1424238828_5c5da555.jpg,train,1,1,0
1424245908_146854d8,1424245908,data/images/1424245908_146854d8.jpg,train,1,0,0
1424248273_78a5a16c,1424248273,data/images/1424248273_78a5a16c.jpg,train,0,0,0
1424260058_c27f2546,1424260058,data/images/1424260058_c27f2546.jpg,train,0,1,0
1424262758_1ec3a3f2,1424262758,data/images/1424262758_1ec3a3f2.jpg,train,1,0,0
1424264318_d5d33912,1424264318,data/images/1424264318_d5d33912.jpg,train,0,1,1
1424265431_c44b3978,1424265431,data/images/1424265431_c44b3978.jpg,train,0,1,0
1424266075_5a2a28b9,1424266075,data/images/1424266075_5a2a28b9.jpg,train,0,0,1
1424266155_2f35a23a,1424266155,data/images/1424266155_2f35a23a.jpg,train,1,0,0
1424267015_4e79aa36,1424267015,data/images/1424267015_4e79aa36.jpg,train,1,1,0
1424269142_1b8bcc88,1424269142,data/images/1424269142_1b8bcc88.jpg,train,0,0,1
1424271912_03b4b309,1424271912,data/images/1424271912_03b4b309.jpg,train,1,0,0
1424272050_4b654f73,1424272050,data/images/1424272050_4b654f73.jpg,train,1,0,0
1424272783_e7365766,1424272783,data/images/1424272783_e7365766.jpg,train,0,0,1
1424273678_29f260fe,1424273678,data/images/1424273678_29f260fe.jpg,train,0,0,0
1424273731_24f8fbc4,1424273731,data/images/1424273731_24f8fbc4.jpg,train,0,0,0
1424274067_cd15e16e,1424274067,data/images/1424274067_cd15e16e.jpg,train,0,0,1
1424280785_8b61b72a,1424280785,data/images/1424280785_8b61b72a.jpg,train,0,0,1
1424281932_c0d70084,1424281932,data/images/1424281932_c0d70084.jpg,train,1,1,0
1424292019_dbac2900,1424292019,data/images/1424292019_dbac2900.jpg,train,0,0,0
1424297992_5f78cd4c,1424297992,data/images/1424297992_5f78cd4c.jpg,train,1,0,0
1424298209_e3462c91,1424298209,data/images/1424298209_e3462c91.jpg,train,0,1,0
1424310071_5b0d94f3,1424310071,data/images/1424310071_5b0d94f3.jpg,train,0,1,0
1424318844_e987d0ec,1424318844,data/images/1424318844_e987d0ec.jpg,train,1,1,0
1424367503_8907763b,1424367503,data/images/1424367503_8907763b.jpg,train,1,0,0
1424375859_dbd0592f,1424375859,data/images/1424375859_dbd0592f.jpg,train,1,0,0
1424391396_1e4a0d29,1424391396,data/images/1424391396_1e4a0d29.jpg,train,0,1,1
1424409298_4e523035,1424409298,data/images/1424409298_4e523035.jpg,train,0,0,1
1424410514_b8293fa6,1424410514,data/images/1424410514_b8293fa6.jpg,train,0,0,1
1424411426_770d8806,1424411426,data/images/1424411426_770d8806.jpg,train,1,0,0
1424411494_d34d3255,1424411494,data/images/1424411494_d34d3255.jpg,train,0,0,1
1424417357_c10aefbd,1424417357,data/images/1424417357_c10aefbd.jpg,train,1,1,0
1424421462_7119466a,1424421462,data/images/1424421462_7119466a.jpg,train,0,0,1
1424421993_8b3c7b73,1424421993,data/images/1424421993_8b3c7b73.jpg,train,0,1,0
1424424046_e0d255f3,1424424046,data/images/1424424046_e0d255f3.jpg,train,0,0,1
1424430833_5aa84594,1424430833,data/images/1424430833_5aa84594.jpg,train,1,1,0
1424431911_5476fd83,1424431911,data/images/1424431911_5476fd83.jpg,train,0,1,0
1424432143_5e32b6e4,1424432143,data/images/1424432143_5e32b6e4.jpg,train,0,0,1
1424432593_89f6c440,1424432593,data/images/1424432593_89f6c440.jpg,train,0,1,0
1424437219_cd69960e,1424437219,data/images/1424437219_cd69960e.jpg,train,0,0,1
1424437630_b517c2ac,1424437630,data/images/1424437630_b517c2ac.jpg,train,0,1,0
1424437775_c3255237,1424437775,data/images/1424437775_c3255237.jpg,train,1,0,0
1424449740_6aa6a1fe,1424449740,data/images/1424449740_6aa6a1fe.jpg,train,1,1,0
1424454181_29325b75,1424454181,data/images/1424454181_29325b75.jpg,train,1,1,0
1424455172_24814839,1424455172,data/images/1424455172_24814839.jpg,train,1,0,0
1424463286_1dd77b8d,1424463286,data/images/1424463286_1dd77b8d.jpg,train,0,0,1
1424473570_f9013529,1424473570,data/images/1424473570_f9013529.jpg,train,0,0,1
1424485758_89fa3964,1424485758,data/images/1424485758_89fa3964.jpg,train,1,1,0
1424488309_746a328f,1424488309,data/images/1424488309_746a328f.jpg,train,0,0,1
1424489744_82faf809,1424489744,data/images/1424489744_82faf809.jpg,train,1,0,0
1424491679_c72ef73a,1424491679,data/images/1424491679_c72ef73a.jpg,train,0,0,1
1424506146_80f56710,1424506146,data/images/1424506146_80f56710.jpg,train,1,1,0
1424506170_05ce6e66,1424506170,data/images/1424506170_05ce6e66.jpg,train,1,0,0
1424507138_d10658f3,1424507138,data/images/1424507138_d10658f3.jpg,train,0,0,0
1424510788_03c95800,1424510788,data/images/1424510788_03c95800.jpg,train,1,0,0
1424512802_37c47a78,1424512802,data/images/1424512802_37c47a78.jpg,train,1,0,0
1424512813_7bf1a503,1424512813,data/images/1424512813_7bf1a503.jpg,train,0,0,1
1424512855_4d3f0775,1424512855,data/images/1424512855_4d3f0775.jpg,train,0,0,1
1424513503_34543017,1424513503,data/images/1424513503_34543017.jpg,train,0,0,1
1424730491_c4e83e1a,1424730491,data/images/1424730491_c4e83e1a.jpg,train,0,1,0
1451068005_3370c557,1451068005,data/images/1451068005_3370c557.jpg,train,0,0,0
1451069392_9f8d5ff6,1451069392,data/images/1451069392_9f8d5ff6.jpg,train,1,1,0
1451069692_a64d559c,1451069692,data/images/1451069692_a64d559c.jpg,train,0,1,0
1451070489_7d9e18e1,1451070489,data/images/1451070489_7d9e18e1.jpg,train,1,1,0
1451071308_8afbb1dc,1451071308,data/images/1451071308_8afbb1dc.jpg,train,1,1,0
1451071344_2b5c1046,1451071344,data/images/1451071344_2b5c1046.jpg,train,1,0,0
1451071473_fa858b91,1451071473,data/images/1451071473_fa858b91.jpg,train,0,1,0
1451071932_1fdffff3,1451071932,data/images/1451071932_1fdffff3.jpg,train,1,0,1
1451072082_14939a2e,1451072082,data/images/1451072082_14939a2e.jpg,train,1,0,1
1451072196_af7beba8,1451072196,data/images/1451072196_af7beba8.jpg,train,0,0,1
1451072686_45677b90,1451072686,data/images/1451072686_45677b90.jpg,train,0,1,0
1455706674_f80b4b44,1455706674,data/images/1455706674_f80b4b44.jpg,train,1,0,0
1455706679_8cd03488,1455706679,data/images/1455706679_8cd03488.jpg,train,1,0,0
1455937748_6afc60f6,1455937748,data/images/1455937748_6afc60f6.jpg,train,1,0,0
1455950519_17fead10,1455950519,data/images/1455950519_17fead10.jpg,train,1,0,0
1455951696_a7668dc4,1455951696,data/images/1455951696_a7668dc4.jpg,train,1,1,0
1455956912_93ede946,1455956912,data/images/1455956912_93ede946.jpg,train,0,1,0
1455960555_7fb61bc2,1455960555,data/images/1455960555_7fb61bc2.jpg,train,1,1,0
1455983340_9cd7b024,1455983340,data/images/1455983340_9cd7b024.jpg,train,1,0,0
1455990943_69596c63,1455990943,data/images/1455990943_69596c63.jpg,train,0,0,1
1456000479_1e792971,1456000479,data/images/1456000479_1e792971.jpg,train,0,0,1
1456001778_24d056de,1456001778,data/images/1456001778_24d056de.jpg,train,0,0,1
1456003893_132e4ef1,1456003893,data/images/1456003893_132e4ef1.jpg,train,0,0,1
1456007398_496e1da8,1456007398,data/images/1456007398_496e1da8.jpg,train,0,0,1
1456008574_2104c040,1456008574,data/images/1456008574_2104c040.jpg,train,0,0,1
1456015340_b602fe85,1456015340,data/images/1456015340_b602fe85.jpg,train,1,1,0
1456029335_4141f30a,1456029335,data/images/1456029335_4141f30a.jpg,train,0,0,1
1456041232_aaf03bd7,1456041232,data/images/1456041232_aaf03bd7.jpg,train,0,0,1
1456042237_58f559d3,1456042237,data/images/1456042237_58f559d3.jpg,train,0,0,0
1456047198_ee28b5a8,1456047198,data/images/1456047198_ee28b5a8.jpg,train,0,0,1
1456054596_aca4df00,1456054596,data/images/1456054596_aca4df00.jpg,train,0,1,0
1456063953_a37e9332,1456063953,data/images/1456063953_a37e9332.jpg,train,0,0,1
1456073341_4928d7fd,1456073341,data/images/1456073341_4928d7fd.jpg,train,0,1,0
1456081370_1eb7783e,1456081370,data/images/1456081370_1eb7783e.jpg,train,1,1,0
1456087492_97eb68e0,1456087492,data/images/1456087492_97eb68e0.jpg,train,0,0,0
1456101717_598f1b0c,1456101717,data/images/1456101717_598f1b0c.jpg,train,0,0,0
1456108108_49430e0b,1456108108,data/images/1456108108_49430e0b.jpg,train,0,0,1
1456109963_b495e19f,1456109963,data/images/1456109963_b495e19f.jpg,train,0,1,0
1456117586_c171a072,1456117586,data/images/1456117586_c171a072.jpg,train,1,0,0
1456130595_82d37d79,1456130595,data/images/1456130595_82d37d79.jpg,train,1,1,0
1456144904_5dea1706,1456144904,data/images/1456144904_5dea1706.jpg,train,1,1,0
1456150048_e94c0249,1456150048,data/images/1456150048_e94c0249.jpg,train,1,0,0
1456153336_56513e7a,1456153336,data/images/1456153336_56513e7a.jpg,train,0,0,1
1456156160_7bba7236,1456156160,data/images/1456156160_7bba7236.jpg,train,0,0,1
1456162123_e2ffed23,1456162123,data/images/1456162123_e2ffed23.jpg,train,1,0,0
1456186840_6fc2f734,1456186840,data/images/1456186840_6fc2f734.jpg,train,0,1,0
1456237758_b06200c6,1456237758,data/images/1456237758_b06200c6.jpg,train,0,1,0
1456289929_305a9de9,1456289929,data/images/1456289929_305a9de9.jpg,train,0,1,0
1456303561_0aa81ef6,1456303561,data/images/1456303561_0aa81ef6.jpg,train,0,0,1
1456317675_ef54564f,1456317675,data/images/1456317675_ef54564f.jpg,train,0,0,1
1456325535_1e22ef0f,1456325535,data/images/1456325535_1e22ef0f.jpg,train,0,1,0
1456371742_192bfc81,1456371742,data/images/1456371742_192bfc81.jpg,train,1,1,0
1456372524_beec9867,1456372524,data/images/1456372524_beec9867.jpg,train,0,0,1
1456375494_443e9749,1456375494,data/images/1456375494_443e9749.jpg,train,0,0,1
1456378348_376b3c46,1456378348,data/images/1456378348_376b3c46.jpg,train,0,1,0
1456416256_8d172ab4,1456416256,data/images/1456416256_8d172ab4.jpg,train,0,0,1
1456420182_774b4ca9,1456420182,data/images/1456420182_774b4ca9.jpg,train,1,1,0
1456427209_0d3f8504,1456427209,data/images/1456427209_0d3f8504.jpg,train,0,0,0
1456456968_ffbd4e2c,1456456968,data/images/1456456968_ffbd4e2c.jpg,train,0,1,1
1456461959_86ebd2e9,1456461959,data/images/1456461959_86ebd2e9.jpg,train,0,1,0
1456466228_5dcd85f2,1456466228,data/images/1456466228_5dcd85f2.jpg,train,1,0,0
1503172780_e7a66c21,1503172780,data/images/1503172780_e7a66c21.jpg,train,0,0,1
1503179385_cbee711a,1503179385,data/images/1503179385_cbee711a.jpg,train,0,0,1
1503217827_3b3574f1,1503217827,data/images/1503217827_3b3574f1.jpg,train,0,0,1
1503222730_b8454301,1503222730,data/images/1503222730_b8454301.jpg,train,0,0,1
1585337512_49826f61,1585337512,data/images/1585337512_49826f61.jpg,train,0,1,0
1632927911_dd9a545b,1632927911,data/images/1632927911_dd9a545b.jpg,train,0,0,1
1837458268_376243cb,1837458268,data/images/1837458268_376243cb.jpg,train,0,0,1
1837458483_9546122a,1837458483,data/images/1837458483_9546122a.jpg,train,1,1,1
1838084859_56ced3d2,1838084859,data/images/1838084859_56ced3d2.jpg,train,1,0,0
1840912171_900fe759,1840912171,data/images/1840912171_900fe759.jpg,train,0,0,1
1844893444_66e94426,1844893444,data/images/1844893444_66e94426.jpg,train,1,1,0
1913950246_acb9172f,1913950246,data/images/1913950246_acb9172f.jpg,train,0,1,0
1944820690_10804de4,1944820690,data/images/1944820690_10804de4.jpg,train,1,0,0
1944820690_9dbbc255,1944820690,data/images/1944820690_9dbbc255.jpg,train,1,1,0
1944820690_a7b3c3a4,1944820690,data/images/1944820690_a7b3c3a4.jpg,train,1,1,0
1944820690_d7a37de4,1944820690,data/images/1944820690_d7a37de4.jpg,train,1,1,0
1987023920_e661206f,1987023920,data/images/1987023920_e661206f.jpg,train,1,0,0
2235753320_46db72da,2235753320,data/images/2235753320_46db72da.jpg,train,0,1,0
2235757166_634a232b,2235757166,data/images/2235757166_634a232b.jpg,train,1,1,0
2235818670_20b7eca8,2235818670,data/images/2235818670_20b7eca8.jpg,train,0,1,0
2235876122_dbf2d1e0,2235876122,data/images/2235876122_dbf2d1e0.jpg,train,1,0,0
2235905696_b073341d,2235905696,data/images/2235905696_b073341d.jpg,train,1,1,0
2235960909_13faeb2d,2235960909,data/images/2235960909_13faeb2d.jpg,train,1,1,0
2235964986_ecde710f,2235964986,data/images/2235964986_ecde710f.jpg,train,0,0,1
2236002587_c004c2cd,2236002587,data/images/2236002587_c004c2cd.jpg,train,0,0,1
2236025251_c86292b9,2236025251,data/images/2236025251_c86292b9.jpg,train,1,0,0
2236048419_b71ff6b2,2236048419,data/images/2236048419_b71ff6b2.jpg,train,0,0,1
2236114596_97a4f761,2236114596,data/images/2236114596_97a4f761.jpg,train,0,0,0
2236155076_84493c96,2236155076,data/images/2236155076_84493c96.jpg,train,0,1,0
2236185234_adbdbcac,2236185234,data/images/2236185234_adbdbcac.jpg,train,1,0,0
2236191887_bebd9b7f,2236191887,data/images/2236191887_bebd9b7f.jpg,train,0,0,1
2242465716_6aab1dc2,2242465716,data/images/2242465716_6aab1dc2.jpg,train,1,0,0
2270460616_1c43d37c,2270460616,data/images/2270460616_1c43d37c.jpg,train,0,0,1
2270466477_ab040c4a,2270466477,data/images/2270466477_ab040c4a.jpg,train,0,0,1
2270466545_2cdd6423,2270466545,data/images/2270466545_2cdd6423.jpg,train,1,1,0
2270466587_2406f23c,2270466587,data/images/2270466587_2406f23c.jpg,train,0,1,0
2270467263_521c9b70,2270467263,data/images/2270467263_521c9b70.jpg,train,1,0,0
2270467464_8380299d,2270467464,data/images/2270467464_8380299d.jpg,train,0,0,1
2270467516_f8b2c641,2270467516,data/images/2270467516_f8b2c641.jpg,train,0,0,1
2270467551_ae056a28,2270467551,data/images/2270467551_ae056a28.jpg,train,1,1,0
2270467588_ae19263b,2270467588,data/images/2270467588_ae19263b.jpg,train,0,0,1
2270467707_fb9a390e,2270467707,data/images/2270467707_fb9a390e.jpg,train,0,0,1
2270467772_8f2a203a,2270467772,data/images/2270467772_8f2a203a.jpg,train,0,0,1
2270467861_1c72cde5,2270467861,data/images/2270467861_1c72cde5.jpg,train,1,1,0
2270467868_17f5076c,2270467868,data/images/2270467868_17f5076c.jpg,train,0,0,1
2270467954_4739a0dc,2270467954,data/images/2270467954_4739a0dc.jpg,train,0,1,0
2270467954_d0284dc0,2270467954,data/images/2270467954_d0284dc0.jpg,train,0,1,0
2270467954_f26f9c2a,2270467954,data/images/2270467954_f26f9c2a.jpg,train,0,1,1
2270468261_3a36d2e7,2270468261,data/images/2270468261_3a36d2e7.jpg,train,0,0,1
2270468355_23b7a63c,2270468355,data/images/2270468355_23b7a63c.jpg,train,0,0,1
2270469056_10d90783,2270469056,data/images/2270469056_10d90783.jpg,train,0,0,1
2270469568_ea4ba680,2270469568,data/images/2270469568_ea4ba680.jpg,train,0,1,0
2270469584_01483ebf,2270469584,data/images/2270469584_01483ebf.jpg,train,0,0,1
2270471959_f495a6ab,2270471959,data/images/2270471959_f495a6ab.jpg,train,0,1,0
2270472309_95fc95a2,2270472309,data/images/2270472309_95fc95a2.jpg,train,0,1,0
2270473295_32625713,2270473295,data/images/2270473295_32625713.jpg,train,1,1,0
2270479127_ae064814,2270479127,data/images/2270479127_ae064814.jpg,train,1,0,0
2270479292_62fe5395,2270479292,data/images/2270479292_62fe5395.jpg,train,1,0,0
2270480393_5dd0e53c,2270480393,data/images/2270480393_5dd0e53c.jpg,train,0,0,0
2270480726_9b483ed5,2270480726,data/images/2270480726_9b483ed5.jpg,train,1,1,0
2270481421_1f7a9077,2270481421,data/images/2270481421_1f7a9077.jpg,train,0,0,1
2270481606_1bb55916,2270481606,data/images/2270481606_1bb55916.jpg,train,0,0,1
2270481636_4350c731,2270481636,data/images/2270481636_4350c731.jpg,train,0,0,0
2270481937_04197537,2270481937,data/images/2270481937_04197537.jpg,train,0,0,1
2270482123_e3aa6326,2270482123,data/images/2270482123_e3aa6326.jpg,train,1,1,0
2270482131_7f949b83,2270482131,data/images/2270482131_7f949b83.jpg,train,1,0,0
2270482267_f2d68f78,2270482267,data/images/2270482267_f2d68f78.jpg,train,0,0,1
2270482269_9f187f3b,2270482269,data/images/2270482269_9f187f3b.jpg,train,0,1,0
2270482395_cec5af86,2270482395,data/images/2270482395_cec5af86.jpg,train,0,0,1
2270482599_1de8df0c,2270482599,data/images/2270482599_1de8df0c.jpg,train,1,1,0
2270482826_7ebd9261,2270482826,data/images/2270482826_7ebd9261.jpg,train,1,1,0
2270482864_bb9e603d,2270482864,data/images/2270482864_bb9e603d.jpg,train,0,0,0
2270482893_13ed3137,2270482893,data/images/2270482893_13ed3137.jpg,train,0,1,0
2270482926_96d580ae,2270482926,data/images/2270482926_96d580ae.jpg,train,0,0,0
2270483317_4cd996ed,2270483317,data/images/2270483317_4cd996ed.jpg,train,1,1,0
2270483623_1273a352,2270483623,data/images/2270483623_1273a352.jpg,train,0,0,0
2270483739_367242aa,2270483739,data/images/2270483739_367242aa.jpg,train,1,1,0
2270483804_990deb66,2270483804,data/images/2270483804_990deb66.jpg,train,0,0,1
2270484104_ef702bb1,2270484104,data/images/2270484104_ef702bb1.jpg,train,1,1,0
2270484217_77d613bb,2270484217,data/images/2270484217_77d613bb.jpg,train,1,1,0
2270484743_5922c418,2270484743,data/images/2270484743_5922c418.jpg,train,1,0,0
2270494196_70f9408c,2270494196,data/images/2270494196_70f9408c.jpg,train,1,1,0
2270512386_bfb6b13b,2270512386,data/images/2270512386_bfb6b13b.jpg,train,0,0,1
2270514024_37734097,2270514024,data/images/2270514024_37734097.jpg,train,1,1,0
2270514472_e9bef04c,2270514472,data/images/2270514472_e9bef04c.jpg,train,1,1,0
2270514874_0fe99323,2270514874,data/images/2270514874_0fe99323.jpg,train,1,1,0
2270515933_33ffa810,2270515933,data/images/2270515933_33ffa810.jpg,train,1,1,0
2270517175_f275e305,2270517175,data/images/2270517175_f275e305.jpg,train,1,0,0
2270517874_83d780a6,2270517874,data/images/2270517874_83d780a6.jpg,train,0,0,1
2270533199_379771e3,2270533199,data/images/2270533199_379771e3.jpg,train,0,0,1
2270537084_33f3b57a,2270537084,data/images/2270537084_33f3b57a.jpg,train,0,1,0
2270541730_ead454c6,2270541730,data/images/2270541730_ead454c6.jpg,train,0,0,0
2270542494_faf4ed04,2270542494,data/images/2270542494_faf4ed04.jpg,train,0,0,0
2270542751_5ef43480,2270542751,data/images/2270542751_5ef43480.jpg,train,0,0,1
2270543480_83f2535d,2270543480,data/images/2270543480_83f2535d.jpg,train,1,1,0
2270554432_0ef969e2,2270554432,data/images/2270554432_0ef969e2.jpg,train,0,0,0
2270554598_586b616e,2270554598,data/images/2270554598_586b616e.jpg,train,0,0,1
2270554598_72b223d7,2270554598,data/images/2270554598_72b223d7.jpg,train,0,0,1
2270555075_91dada94,2270555075,data/images/2270555075_91dada94.jpg,train,1,1,0
2270555641_2734523f,2270555641,data/images/2270555641_2734523f.jpg,train,0,0,0
2270556293_4dfffda9,2270556293,data/images/2270556293_4dfffda9.jpg,train,1,1,0
2270556427_934d570d,2270556427,data/images/2270556427_934d570d.jpg,train,0,0,0
2270556616_0be64a4c,2270556616,data/images/2270556616_0be64a4c.jpg,train,0,1,0
2270556616_31dd5027,2270556616,data/images/2270556616_31dd5027.jpg,train,0,1,0
2270556974_f182697a,2270556974,data/images/2270556974_f182697a.jpg,train,1,0,0
2270557205_510bcc27,2270557205,data/images/2270557205_510bcc27.jpg,train,0,0,1
2270557424_a1127afe,2270557424,data/images/2270557424_a1127afe.jpg,train,1,0,0
2270557824_788391a1,2270557824,data/images/2270557824_788391a1.jpg,train,0,0,1
2270557861_10458058,2270557861,data/images/2270557861_10458058.jpg,train,1,1,0
2270558005_d0ba040f,2270558005,data/images/2270558005_d0ba040f.jpg,train,0,1,0
2270558120_e7203da5,2270558120,data/images/2270558120_e7203da5.jpg,train,1,0,0
2270558569_379ef738,2270558569,data/images/2270558569_379ef738.jpg,train,1,1,0
2270558774_7f71323c,2270558774,data/images/2270558774_7f71323c.jpg,train,1,1,0
2270558817_ce18c430,2270558817,data/images/2270558817_ce18c430.jpg,train,0,0,1
2270558850_2153cd39,2270558850,data/images/2270558850_2153cd39.jpg,train,1,0,0
2270558914_b9357f38,2270558914,data/images/2270558914_b9357f38.jpg,train,1,0,0
2270558939_49200734,2270558939,data/images/2270558939_49200734.jpg,train,0,1,0
2270559192_5c249979,2270559192,data/images/2270559192_5c249979.jpg,train,0,0,0
2270559364_5a47c717,2270559364,data/images/2270559364_5a47c717.jpg,train,0,0,1
2270559437_a79041c4,2270559437,data/images/2270559437_a79041c4.jpg,train,1,1,0
2270559475_5bf93ab3,2270559475,data/images/2270559475_5bf93ab3.jpg,train,1,0,0
2270559501_2eede15e,2270559501,data/images/2270559501_2eede15e.jpg,train,0,1,0
2270559568_be7b40fa,2270559568,data/images/2270559568_be7b40fa.jpg,train,1,1,0
2270559619_869511a1,2270559619,data/images/2270559619_869511a1.jpg,train,0,0,1
2270560267_908089b8,2270560267,data/images/2270560267_908089b8.jpg,train,0,1,1
2270560443_cb178ed9,2270560443,data/images/2270560443_cb178ed9.jpg,train,0,0,0
2270560498_96141e3c,2270560498,data/images/2270560498_96141e3c.jpg,train,0,1,0
2270560609_497663a8,2270560609,data/images/2270560609_497663a8.jpg,train,0,1,0
2270561089_5ef24479,2270561089,data/images/2270561089_5ef24479.jpg,train,0,0,1
2270561249_4e887d65,2270561249,data/images/2270561249_4e887d65.jpg,train,1,0,0
2270561268_ca9619ce,2270561268,data/images/2270561268_ca9619ce.jpg,train,0,0,1
2270561513_51d03127,2270561513,data/images/2270561513_51d03127.jpg,train,0,0,1
2270562030_55581f60,2270562030,data/images/2270562030_55581f60.jpg,train,0,0,1
2270562314_b802045b,2270562314,data/images/2270562314_b802045b.jpg,train,1,0,0
2270562389_c3fcfb9b,2270562389,data/images/2270562389_c3fcfb9b.jpg,train,0,1,0
2270562427_21bc0c8f,2270562427,data/images/2270562427_21bc0c8f.jpg,train,0,1,0
2270563859_8150015c,2270563859,data/images/2270563859_8150015c.jpg,train,0,1,0
2270563893_a5a403f6,2270563893,data/images/2270563893_a5a403f6.jpg,train,0,1,0
2270563935_dfd94d2c,2270563935,data/images/2270563935_dfd94d2c.jpg,train,0,0,1
2270563982_e3805f07,2270563982,data/images/2270563982_e3805f07.jpg,train,0,0,1
2270564876_ee0c026e,2270564876,data/images/2270564876_ee0c026e.jpg,train,0,1,0
2270565555_48445746,2270565555,data/images/2270565555_48445746.jpg,train,0,1,0
2270565563_e327e7be,2270565563,data/images/2270565563_e327e7be.jpg,train,1,0,0
2270565747_b38c5cf3,2270565747,data/images/2270565747_b38c5cf3.jpg,train,1,1,0
2270566017_aa6bbb83,2270566017,data/images/2270566017_aa6bbb83.jpg,train,1,0,0
2270566813_6d33b447,2270566813,data/images/2270566813_6d33b447.jpg,train,1,1,0
2270568720_828e7c0f,2270568720,data/images/2270568720_828e7c0f.jpg,train,0,0,1
2270568720_a583e85c,2270568720,data/images/2270568720_a583e85c.jpg,train,0,0,1
2270574601_0771269b,2270574601,data/images/2270574601_0771269b.jpg,train,0,0,1
2270580870_6684a548,2270580870,data/images/2270580870_6684a548.jpg,train,0,1,0
2270586237_15d1fb5c,2270586237,data/images/2270586237_15d1fb5c.jpg,train,0,1,0
2270586237_b52a8721,2270586237,data/images/2270586237_b52a8721.jpg,train,0,1,0
2270588329_5535c5ab,2270588329,data/images/2270588329_5535c5ab.jpg,train,1,1,0
2270588329_d448cfb0,2270588329,data/images/2270588329_d448cfb0.jpg,train,1,0,0
2270670369_06064946,2270670369,data/images/2270670369_06064946.jpg,train,1,1,0
2270670369_8992daaa,2270670369,data/images/2270670369_8992daaa.jpg,train,1,1,0
2270670380_78826482,2270670380,data/images/2270670380_78826482.jpg,train,1,1,0
2270670649_92b3054c,2270670649,data/images/2270670649_92b3054c.jpg,train,1,1,0
2270670680_bbb4ed5f,2270670680,data/images/2270670680_bbb4ed5f.jpg,train,0,1,0
2270671120_3c19e2fe,2270671120,data/images/2270671120_3c19e2fe.jpg,train,0,0,1
2270671235_19d2b3b4,2270671235,data/images/2270671235_19d2b3b4.jpg,train,0,0,1
2270671617_b4f75301,2270671617,data/images/2270671617_b4f75301.jpg,train,1,1,0
2270672093_1f706f5c,2270672093,data/images/2270672093_1f706f5c.jpg,train,0,0,1
2270672110_2a33ef2c,2270672110,data/images/2270672110_2a33ef2c.jpg,train,0,0,1
2270672842_09030a05,2270672842,data/images/2270672842_09030a05.jpg,train,1,0,0
2270672842_4ff7131f,2270672842,data/images/2270672842_4ff7131f.jpg,train,1,0,0
2270672948_d589a946,2270672948,data/images/2270672948_d589a946.jpg,train,1,1,0
2270673184_08f808e5,2270673184,data/images/2270673184_08f808e5.jpg,train,1,1,0
2270673184_8d05ea6c,2270673184,data/images/2270673184_8d05ea6c.jpg,train,0,1,0
2270673184_d9353915,2270673184,data/images/2270673184_d9353915.jpg,train,0,1,0
2270673416_38263d2f,2270673416,data/images/2270673416_38263d2f.jpg,train,1,1,0
2270673445_f9d3bceb,2270673445,data/images/2270673445_f9d3bceb.jpg,train,0,0,0
2270673608_c1a0662c,2270673608,data/images/2270673608_c1a0662c.jpg,train,1,1,0
2270673692_e43b048b,2270673692,data/images/2270673692_e43b048b.jpg,train,1,0,1
2270673773_dadb0216,2270673773,data/images/2270673773_dadb0216.jpg,train,0,0,0
2270673873_4cea5d21,2270673873,data/images/2270673873_4cea5d21.jpg,train,1,0,0
2270674026_4af413a7,2270674026,data/images/2270674026_4af413a7.jpg,train,0,1,0
2270674038_9cabd1b1,2270674038,data/images/2270674038_9cabd1b1.jpg,train,1,1,0
2270674145_473c899d,2270674145,data/images/2270674145_473c899d.jpg,train,0,1,1
2270674285_5e607c43,2270674285,data/images/2270674285_5e607c43.jpg,train,0,0,1
2270674328_79ae7b95,2270674328,data/images/2270674328_79ae7b95.jpg,train,1,1,0
2270674345_a7ebf667,2270674345,data/images/2270674345_a7ebf667.jpg,train,1,1,0
2270674361_2538ff35,2270674361,data/images/2270674361_2538ff35.jpg,train,0,1,0
2270674361_ba883563,2270674361,data/images/2270674361_ba883563.jpg,train,0,1,0
2270674363_c9e2226b,2270674363,data/images/2270674363_c9e2226b.jpg,train,0,1,0
2270674399_7cd93a2c,2270674399,data/images/2270674399_7cd93a2c.jpg,train,0,0,1
2270674492_5e44deb5,2270674492,data/images/2270674492_5e44deb5.jpg,train,1,1,0
2270674557_747b1fd7,2270674557,data/images/2270674557_747b1fd7.jpg,train,0,0,0
2270674623_e1ca51db,2270674623,data/images/2270674623_e1ca51db.jpg,train,0,0,1
2270674625_71b61608,2270674625,data/images/2270674625_71b61608.jpg,train,1,1,0
2270674660_5e9cc76d,2270674660,data/images/2270674660_5e9cc76d.jpg,train,0,0,1
2270674771_826798bb,2270674771,data/images/2270674771_826798bb.jpg,train,0,0,1
2270674782_1d566000,2270674782,data/images/2270674782_1d566000.jpg,train,0,0,1
2270674850_6d9cdf15,2270674850,data/images/2270674850_6d9cdf15.jpg,train,0,0,0
2270674901_d303da9b,2270674901,data/images/2270674901_d303da9b.jpg,train,1,1,0
2270674902_aaf2b459,2270674902,data/images/2270674902_aaf2b459.jpg,train,1,1,0
2270674959_44682486,2270674959,data/images/2270674959_44682486.jpg,train,0,0,1
2270674993_27e248fc,2270674993,data/images/2270674993_27e248fc.jpg,train,1,1,0
2270675048_15a0cb58,2270675048,data/images/2270675048_15a0cb58.jpg,train,1,1,0
2270675082_ce51a6ae,2270675082,data/images/2270675082_ce51a6ae.jpg,train,0,1,0
2270675152_fb53269b,2270675152,data/images/2270675152_fb53269b.jpg,train,0,0,1
2270675199_b8720765,2270675199,data/images/2270675199_b8720765.jpg,train,0,0,1
2270675205_9fdbb6bc,2270675205,data/images/2270675205_9fdbb6bc.jpg,train,1,1,0
2270675286_d9b7b338,2270675286,data/images/2270675286_d9b7b338.jpg,train,0,0,1
2270675291_45f98c09,2270675291,data/images/2270675291_45f98c09.jpg,train,1,0,0
2270675317_057446e9,2270675317,data/images/2270675317_057446e9.jpg,train,0,1,0
2270675317_9c52001e,2270675317,data/images/2270675317_9c52001e.jpg,train,1,1,0
2270675317_fcee8d47,2270675317,data/images/2270675317_fcee8d47.jpg,train,1,1,0
2270675435_6c12ceb3,2270675435,data/images/2270675435_6c12ceb3.jpg,train,0,1,0
2270675477_0d0c2e9e,2270675477,data/images/2270675477_0d0c2e9e.jpg,train,0,0,1
2270675511_13379efc,2270675511,data/images/2270675511_13379efc.jpg,train,1,1,0
2270675512_2ea2f722,2270675512,data/images/2270675512_2ea2f722.jpg,train,0,0,1
2270675532_96bb43f9,2270675532,data/images/2270675532_96bb43f9.jpg,train,1,0,0
2270675532_a31ad5b3,2270675532,data/images/2270675532_a31ad5b3.jpg,train,1,0,0
2270675545_20679859,2270675545,data/images/2270675545_20679859.jpg,train,0,0,1
2270675549_d85f145d,2270675549,data/images/2270675549_d85f145d.jpg,train,0,0,1
2270675611_4a5f9e73,2270675611,data/images/2270675611_4a5f9e73.jpg,train,0,1,0
2270675692_16bb895f,2270675692,data/images/2270675692_16bb895f.jpg,train,0,0,1
2270675781_26cfdbb9,2270675781,data/images/2270675781_26cfdbb9.jpg,train,1,1,0
2270675792_c05bd97a,2270675792,data/images/2270675792_c05bd97a.jpg,train,1,0,1
2270675935_0cfb3646,2270675935,data/images/2270675935_0cfb3646.jpg,train,1,1,0
2270675935_6751977d,2270675935,data/images/2270675935_6751977d.jpg,train,1,1,0
2270675946_5db5b9e1,2270675946,data/images/2270675946_5db5b9e1.jpg,train,1,0,0
2270675970_53d1bcd8,2270675970,data/images/2270675970_53d1bcd8.jpg,train,1,1,0
2270675970_fd9ce7c8,2270675970,data/images/2270675970_fd9ce7c8.jpg,train,1,1,0
2270676101_9e3ab121,2270676101,data/images/2270676101_9e3ab121.jpg,train,0,1,1
2270676107_cc5099cc,2270676107,data/images/2270676107_cc5099cc.jpg,train,0,0,1
2270676142_769ffb95,2270676142,data/images/2270676142_769ffb95.jpg,train,1,1,1
2270676236_d8f4ac92,2270676236,data/images/2270676236_d8f4ac92.jpg,train,0,0,1
2270676296_bd343377,2270676296,data/images/2270676296_bd343377.jpg,train,0,0,0
2270676386_f8bda1d0,2270676386,data/images/2270676386_f8bda1d0.jpg,train,1,1,0
2270676408_3e4de4bf,2270676408,data/images/2270676408_3e4de4bf.jpg,train,0,0,0
2270676411_6572de6b,2270676411,data/images/2270676411_6572de6b.jpg,train,1,1,0
2270676458_f91058fa,2270676458,data/images/2270676458_f91058fa.jpg,train,0,0,1
2270676495_f85e6856,2270676495,data/images/2270676495_f85e6856.jpg,train,0,0,1
2270676517_d6c34250,2270676517,data/images/2270676517_d6c34250.jpg,train,0,0,1
2270676524_9bec96ee,2270676524,data/images/2270676524_9bec96ee.jpg,train,0,1,0
2270676638_80ae9e8e,2270676638,data/images/2270676638_80ae9e8e.jpg,train,0,0,1
2270676694_05f8b605,2270676694,data/images/2270676694_05f8b605.jpg,train,0,0,1
2270676834_8a2921d3,2270676834,data/images/2270676834_8a2921d3.jpg,train,0,1,0
2270676920_4363f797,2270676920,data/images/2270676920_4363f797.jpg,train,0,0,1
2270676985_4d93762d,2270676985,data/images/2270676985_4d93762d.jpg,train,1,1,0
2270677008_95652e79,2270677008,data/images/2270677008_95652e79.jpg,train,1,0,0
2270677039_1d8a0e6f,2270677039,data/images/2270677039_1d8a0e6f.jpg,train,0,0,0
2270677057_b51009cd,2270677057,data/images/2270677057_b51009cd.jpg,train,1,1,0
2270677058_7acc47ec,2270677058,data/images/2270677058_7acc47ec.jpg,train,1,0,0
2270677059_e83e9a74,2270677059,data/images/2270677059_e83e9a74.jpg,train,1,1,1
2270677142_18d4ec38,2270677142,data/images/2270677142_18d4ec38.jpg,train,0,0,1
2270677261_a55a614e,2270677261,data/images/2270677261_a55a614e.jpg,train,1,0,0
2270677432_5be8dc0a,2270677432,data/images/2270677432_5be8dc0a.jpg,train,0,0,1
2270677455_99ac8de8,2270677455,data/images/2270677455_99ac8de8.jpg,train,1,1,0
2270677455_de6c76af,2270677455,data/images/2270677455_de6c76af.jpg,train,1,1,0
2270677486_c82c7561,2270677486,data/images/2270677486_c82c7561.jpg,train,0,1,0
2270677506_7f17e79f,2270677506,data/images/2270677506_7f17e79f.jpg,train,1,1,0
2270677518_c03ac3ae,2270677518,data/images/2270677518_c03ac3ae.jpg,train,0,0,1
2270677520_3f4c9b81,2270677520,data/images/2270677520_3f4c9b81.jpg,train,1,1,0
2270677573_d30dc705,2270677573,data/images/2270677573_d30dc705.jpg,train,1,0,0
2270677736_bb7771de,2270677736,data/images/2270677736_bb7771de.jpg,train,0,1,0
2270677757_f8e49131,2270677757,data/images/2270677757_f8e49131.jpg,train,0,0,1
2270677894_68fa8f88,2270677894,data/images/2270677894_68fa8f88.jpg,train,1,0,0
2270678031_a21131e8,2270678031,data/images/2270678031_a21131e8.jpg,train,0,0,1
2270678097_44eaece9,2270678097,data/images/2270678097_44eaece9.jpg,train,0,0,1
2270678109_de3d1c8d,2270678109,data/images/2270678109_de3d1c8d.jpg,train,1,0,0
2270678122_eee4ecb5,2270678122,data/images/2270678122_eee4ecb5.jpg,train,1,1,0
2270678191_55e5ab55,2270678191,data/images/2270678191_55e5ab55.jpg,train,1,0,0
2270678220_cc162c0d,2270678220,data/images/2270678220_cc162c0d.jpg,train,1,1,0
2270678276_550c7fea,2270678276,data/images/2270678276_550c7fea.jpg,train,0,0,1
2270678325_6c44c558,2270678325,data/images/2270678325_6c44c558.jpg,train,1,0,0
2270678369_22f7fd39,2270678369,data/images/2270678369_22f7fd39.jpg,train,0,1,0
2270678399_e9d26c27,2270678399,data/images/2270678399_e9d26c27.jpg,train,0,1,0
2270678574_71aa8d84,2270678574,data/images/2270678574_71aa8d84.jpg,train,0,0,1
2270678851_e261c558,2270678851,data/images/2270678851_e261c558.jpg,train,0,1,0
2270678940_27c67b2d,2270678940,data/images/2270678940_27c67b2d.jpg,train,1,1,0
2270679062_055b8d90,2270679062,data/images/2270679062_055b8d90.jpg,train,1,0,1
2270679102_75a87e6c,2270679102,data/images/2270679102_75a87e6c.jpg,train,1,1,0
2270679137_2bb97621,2270679137,data/images/2270679137_2bb97621.jpg,train,1,0,0
2270679236_726e6329,2270679236,data/images/2270679236_726e6329.jpg,train,1,0,0
2270679362_4aa89c40,2270679362,data/images/2270679362_4aa89c40.jpg,train,1,1,0
2270679500_04960b95,2270679500,data/images/2270679500_04960b95.jpg,train,1,0,0
2270679500_6f22cab0,2270679500,data/images/2270679500_6f22cab0.jpg,train,1,1,0
2270679521_1ad11490,2270679521,data/images/2270679521_1ad11490.jpg,train,1,0,0
2270679521_d33425a6,2270679521,data/images/2270679521_d33425a6.jpg,train,1,0,0
2270679619_8e2a5043,2270679619,data/images/2270679619_8e2a5043.jpg,train,1,0,0
2270679889_acf515c8,2270679889,data/images/2270679889_acf515c8.jpg,train,1,1,0
2270679909_c804bb61,2270679909,data/images/2270679909_c804bb61.jpg,train,0,0,1
2270680154_c4fd9e78,2270680154,data/images/2270680154_c4fd9e78.jpg,train,0,0,1
2270680231_f07dbbe4,2270680231,data/images/2270680231_f07dbbe4.jpg,train,1,1,0
2270680264_d3578def,2270680264,data/images/2270680264_d3578def.jpg,train,0,0,1
2270680340_f46a8bf5,2270680340,data/images/2270680340_f46a8bf5.jpg,train,0,1,0
2270680660_7e4344c2,2270680660,data/images/2270680660_7e4344c2.jpg,train,1,0,0
2270681083_e30a9ada,2270681083,data/images/2270681083_e30a9ada.jpg,train,0,0,0
2270681458_9b8ed7ea,2270681458,data/images/2270681458_9b8ed7ea.jpg,train,1,1,0
2270681458_c7936433,2270681458,data/images/2270681458_c7936433.jpg,train,1,1,1
2270682108_6c0f3d91,2270682108,data/images/2270682108_6c0f3d91.jpg,train,0,0,1
2270682371_0265e308,2270682371,data/images/2270682371_0265e308.jpg,train,1,1,0
2270682475_9d064498,2270682475,data/images/2270682475_9d064498.jpg,train,0,0,1
2270682637_6f85ec30,2270682637,data/images/2270682637_6f85ec30.jpg,train,0,0,1
2270682692_44b58ead,2270682692,data/images/2270682692_44b58ead.jpg,train,0,0,1
2270682798_35da560e,2270682798,data/images/2270682798_35da560e.jpg,train,0,0,1
2270683055_3a885dd0,2270683055,data/images/2270683055_3a885dd0.jpg,train,1,0,0
2270683238_4f1a34cb,2270683238,data/images/2270683238_4f1a34cb.jpg,train,1,0,0
2270683251_ca1cec3e,2270683251,data/images/2270683251_ca1cec3e.jpg,train,1,1,0
2270683309_a2d8c970,2270683309,data/images/2270683309_a2d8c970.jpg,train,1,0,0
2270683486_9606ede4,2270683486,data/images/2270683486_9606ede4.jpg,train,0,0,1
2270683493_c7ff3ae2,2270683493,data/images/2270683493_c7ff3ae2.jpg,train,0,0,0
2270683818_d54689d6,2270683818,data/images/2270683818_d54689d6.jpg,train,0,0,1
2270683924_0931ef0f,2270683924,data/images/2270683924_0931ef0f.jpg,train,1,1,0
2270683977_98fbf37a,2270683977,data/images/2270683977_98fbf37a.jpg,train,1,1,0
2270684051_d99da6be,2270684051,data/images/2270684051_d99da6be.jpg,train,1,0,0
2270684549_0050f968,2270684549,data/images/2270684549_0050f968.jpg,train,0,0,1
2270684614_a3f3a1bd,2270684614,data/images/2270684614_a3f3a1bd.jpg,train,0,1,0
2270684776_f1793a30,2270684776,data/images/2270684776_f1793a30.jpg,train,1,0,0
2270684963_8daa3899,2270684963,data/images/2270684963_8daa3899.jpg,train,0,0,1
2270684995_216ab21e,2270684995,data/images/2270684995_216ab21e.jpg,train,0,1,0
2270685114_81092842,2270685114,data/images/2270685114_81092842.jpg,train,1,0,0
2270685191_03d71eab,2270685191,data/images/2270685191_03d71eab.jpg,train,0,1,0
2270685203_f4f53f12,2270685203,data/images/2270685203_f4f53f12.jpg,train,0,1,0
2270685224_d3a2ed1a,2270685224,data/images/2270685224_d3a2ed1a.jpg,train,0,0,1
2270685463_08848747,2270685463,data/images/2270685463_08848747.jpg,train,0,1,0
2270685613_a12e3faa,2270685613,data/images/2270685613_a12e3faa.jpg,train,0,0,1
2270685826_ca9f64c6,2270685826,data/images/2270685826_ca9f64c6.jpg,train,0,0,1
2270685826_fc9b1583,2270685826,data/images/2270685826_fc9b1583.jpg,train,0,0,1
2270685997_9ce03295,2270685997,data/images/2270685997_9ce03295.jpg,train,0,0,0
2270686145_7ef958a6,2270686145,data/images/2270686145_7ef958a6.jpg,train,0,0,0
2270686385_b7245442,2270686385,data/images/2270686385_b7245442.jpg,train,0,1,0
2270686667_66102ae8,2270686667,data/images/2270686667_66102ae8.jpg,train,0,0,1
2270686862_4e2b7030,2270686862,data/images/2270686862_4e2b7030.jpg,train,0,1,0
2270686862_da97edc0,2270686862,data/images/2270686862_da97edc0.jpg,train,0,1,0
2270687949_e16cbc4b,2270687949,data/images/2270687949_e16cbc4b.jpg,train,0,0,1
2270688479_47e38468,2270688479,data/images/2270688479_47e38468.jpg,train,0,0,1
2270690266_590f05ad,2270690266,data/images/2270690266_590f05ad.jpg,train,0,1,1
2270690448_53864d27,2270690448,data/images/2270690448_53864d27.jpg,train,0,1,0
2270690454_fcb5d184,2270690454,data/images/2270690454_fcb5d184.jpg,train,1,1,0
2270691060_8cdb92cc,2270691060,data/images/2270691060_8cdb92cc.jpg,train,1,1,0
2270691929_0d155480,2270691929,data/images/2270691929_0d155480.jpg,train,0,0,0
2270692487_ce65c13b,2270692487,data/images/2270692487_ce65c13b.jpg,train,1,1,0
2270692568_06a00ca7,2270692568,data/images/2270692568_06a00ca7.jpg,train,0,1,0
2270692568_9f12656a,2270692568,data/images/2270692568_9f12656a.jpg,train,1,1,0
2284428680_086425c1,2284428680,data/images/2284428680_086425c1.jpg,train,1,1,0
2312219213_d308a150,2312219213,data/images/2312219213_d308a150.jpg,train,1,0,0
2412489865_0fbb3614,2412489865,data/images/2412489865_0fbb3614.jpg,train,0,0,1
2512706846_2c10b068,2512706846,data/images/2512706846_2c10b068.jpg,train,0,0,1
2565880553_7cccc78d,2565880553,data/images/2565880553_7cccc78d.jpg,train,0,0,1
2618307358_707ab24c,2618307358,data/images/2618307358_707ab24c.jpg,train,0,0,1
2618319362_0f5a8a3d,2618319362,data/images/2618319362_0f5a8a3d.jpg,train,0,0,1
2884934350_03a44d99,2884934350,data/images/2884934350_03a44d99.jpg,train,0,0,0
2884934481_5bad03ef,2884934481,data/images/2884934481_5bad03ef.jpg,train,0,0,0
2884934481_76bcd20e,2884934481,data/images/2884934481_76bcd20e.jpg,train,0,0,0
2898931313_de063979,2898931313,data/images/2898931313_de063979.jpg,train,0,0,1
3068478324_db399b8f,3068478324,data/images/3068478324_db399b8f.jpg,train,0,0,1
3120762355_be00a608,3120762355,data/images/3120762355_be00a608.jpg,train,1,0,0
3126861310_dbdbc3e5,3126861310,data/images/3126861310_dbdbc3e5.jpg,train,0,0,1
3313932385_6f88a002,3313932385,data/images/3313932385_6f88a002.jpg,train,1,0,0
3331274305_30075b47,3331274305,data/images/3331274305_30075b47.jpg,train,0,1,0
3342711326_f3f38649,3342711326,data/images/3342711326_f3f38649.jpg,train,1,0,0
3342725349_3933678c,3342725349,data/images/3342725349_3933678c.jpg,train,1,1,0
3359738302_2a39eff9,3359738302,data/images/3359738302_2a39eff9.jpg,train,1,0,0
3413872343_88063980,3413872343,data/images/3413872343_88063980.jpg,train,0,0,0
3704813306_ea298738,3704813306,data/images/3704813306_ea298738.jpg,train,1,1,0
3704813342_a15a8f5b,3704813342,data/images/3704813342_a15a8f5b.jpg,train,1,0,0
3704832305_ab439547,3704832305,data/images/3704832305_ab439547.jpg,train,0,1,0
3704832335_f6938290,3704832335,data/images/3704832335_f6938290.jpg,train,1,0,0
3762875414_71610dca,3762875414,data/images/3762875414_71610dca.jpg,train,0,0,0
3762880408_934e3ead,3762880408,data/images/3762880408_934e3ead.jpg,train,0,0,0
3762880420_5038ca3a,3762880420,data/images/3762880420_5038ca3a.jpg,train,0,0,0
3762891439_89d12522,3762891439,data/images/3762891439_89d12522.jpg,train,0,0,0
3762893483_120f5279,3762893483,data/images/3762893483_120f5279.jpg,train,0,0,0
3802879392_f6c43292,3802879392,data/images/3802879392_f6c43292.jpg,train,1,1,0
3912828889_169e7784,3912828889,data/images/3912828889_169e7784.jpg,train,1,0,0
3962866311_b79f41af,3962866311,data/images/3962866311_b79f41af.jpg,train,0,0,1
3968357331_551fdab4,3968357331,data/images/3968357331_551fdab4.jpg,train,0,0,1
4031436856_4d5c62d1,4031436856,data/images/4031436856_4d5c62d1.jpg,train,1,0,0
4031450244_e6d0b4ac,4031450244,data/images/4031450244_e6d0b4ac.jpg,train,0,0,1
4031556052_3dde6b02,4031556052,data/images/4031556052_3dde6b02.jpg,train,0,1,0
4031556053_5d515cab,4031556053,data/images/4031556053_5d515cab.jpg,train,1,1,0
4031575239_0539f302,4031575239,data/images/4031575239_0539f302.jpg,train,1,1,0
4031589330_8fea609c,4031589330,data/images/4031589330_8fea609c.jpg,train,0,1,0
4031592371_3083267a,4031592371,data/images/4031592371_3083267a.jpg,train,0,0,1
4031614087_26b4fe7d,4031614087,data/images/4031614087_26b4fe7d.jpg,train,0,0,0
4031628308_9f70f60d,4031628308,data/images/4031628308_9f70f60d.jpg,train,1,1,0
4031642519_610518b9,4031642519,data/images/4031642519_610518b9.jpg,train,1,1,0
4031661531_54baa55a,4031661531,data/images/4031661531_54baa55a.jpg,train,0,0,1
4031661531_58d3b07f,4031661531,data/images/4031661531_58d3b07f.jpg,train,0,1,0
4031661531_5ec47af7,4031661531,data/images/4031661531_5ec47af7.jpg,train,1,1,1
4031663216_163a3c5f,4031663216,data/images/4031663216_163a3c5f.jpg,train,1,1,0
4031685361_5e822980,4031685361,data/images/4031685361_5e822980.jpg,train,0,1,1
4031706285_a9006b82,4031706285,data/images/4031706285_a9006b82.jpg,train,0,1,0
4031706929_8b12be13,4031706929,data/images/4031706929_8b12be13.jpg,train,0,0,1
4031736262_49535baa,4031736262,data/images/4031736262_49535baa.jpg,train,1,1,0
4031768194_7bbdbf66,4031768194,data/images/4031768194_7bbdbf66.jpg,train,0,0,1
4031780057_f0bec0cf,4031780057,data/images/4031780057_f0bec0cf.jpg,train,0,0,0
4031792601_82dbc2f6,4031792601,data/images/4031792601_82dbc2f6.jpg,train,0,1,0
4031863205_73177058,4031863205,data/images/4031863205_73177058.jpg,train,0,0,0
4031867628_4bae5eb8,4031867628,data/images/4031867628_4bae5eb8.jpg,train,1,0,0
4031900718_53cb1d2f,4031900718,data/images/4031900718_53cb1d2f.jpg,train,0,0,1
4031900718_faeb6ac2,4031900718,data/images/4031900718_faeb6ac2.jpg,train,0,0,0
4031900718_fb2f19f1,4031900718,data/images/4031900718_fb2f19f1.jpg,train,0,0,1
4031948731_a8f587b9,4031948731,data/images/4031948731_a8f587b9.jpg,train,1,1,0
4031953382_423bafca,4031953382,data/images/4031953382_423bafca.jpg,train,1,0,0
4032087295_cf904230,4032087295,data/images/4032087295_cf904230.jpg,train,0,1,0
4032096314_75372a2f,4032096314,data/images/4032096314_75372a2f.jpg,train,0,1,0
4032113645_6ce8353a,4032113645,data/images/4032113645_6ce8353a.jpg,train,0,0,1
4032113645_ca7bd34d,4032113645,data/images/4032113645_ca7bd34d.jpg,train,0,0,1
4032115315_d5bdaf6b,4032115315,data/images/4032115315_d5bdaf6b.jpg,train,0,0,1
4032115315_fd7f072d,4032115315,data/images/4032115315_fd7f072d.jpg,train,0,0,1
4032128983_a4afd430,4032128983,data/images/4032128983_a4afd430.jpg,train,1,1,0
4032155783_829831c5,4032155783,data/images/4032155783_829831c5.jpg,train,0,0,1
4032155783_e0fbd20c,4032155783,data/images/4032155783_e0fbd20c.jpg,train,0,0,1
4079375432_4cc7b1c3,4079375432,data/images/4079375432_4cc7b1c3.jpg,train,1,1,0
4131126359_0f421dff,4131126359,data/images/4131126359_0f421dff.jpg,train,1,0,0
4131131361_8cdbdbe8,4131131361,data/images/4131131361_8cdbdbe8.jpg,train,1,1,0
4406741394_1143293b,4406741394,data/images/4406741394_1143293b.jpg,train,0,1,0
4414703640_152e2335,4414703640,data/images/4414703640_152e2335.jpg,train,0,0,0
4414705713_a1ee3394,4414705713,data/images/4414705713_a1ee3394.jpg,train,0,0,0
4519375811_d8408bc7,4519375811,data/images/4519375811_d8408bc7.jpg,train,1,1,0
4519375816_9f80a62b,4519375816,data/images/4519375816_9f80a62b.jpg,train,1,0,0
4519379709_2ba286c4,4519379709,data/images/4519379709_2ba286c4.jpg,train,0,0,1
4519381793_a0572336,4519381793,data/images/4519381793_a0572336.jpg,train,1,0,0
4519383714_28ba4b67,4519383714,data/images/4519383714_28ba4b67.jpg,train,1,0,0
4519383824_f0c51fb4,4519383824,data/images/4519383824_f0c51fb4.jpg,train,1,0,0
4519384973_e156ad89,4519384973,data/images/4519384973_e156ad89.jpg,train,1,0,0
4519385925_7540603d,4519385925,data/images/4519385925_7540603d.jpg,train,0,0,1
4519385975_899d276a,4519385975,data/images/4519385975_899d276a.jpg,train,1,0,0
4519386314_2d1bcbdf,4519386314,data/images/4519386314_2d1bcbdf.jpg,train,1,1,0
4519387003_6be8bd06,4519387003,data/images/4519387003_6be8bd06.jpg,train,0,1,0
4519387519_4419eb99,4519387519,data/images/4519387519_4419eb99.jpg,train,0,0,0
4519387779_a35127fe,4519387779,data/images/4519387779_a35127fe.jpg,train,0,1,0
4519387993_e7b40db0,4519387993,data/images/4519387993_e7b40db0.jpg,train,1,1,0
4519387996_23ef450a,4519387996,data/images/4519387996_23ef450a.jpg,train,0,0,1
4519388154_973c88d2,4519388154,data/images/4519388154_973c88d2.jpg,train,0,0,1
4519388845_c126ca88,4519388845,data/images/4519388845_c126ca88.jpg,train,0,1,0
4519390008_84be8124,4519390008,data/images/4519390008_84be8124.jpg,train,0,1,0
4519390170_ad96a887,4519390170,data/images/4519390170_ad96a887.jpg,train,0,0,1
4519390964_d25e7f7a,4519390964,data/images/4519390964_d25e7f7a.jpg,train,1,0,0
4519391004_f14418bf,4519391004,data/images/4519391004_f14418bf.jpg,train,0,0,1
4519391159_9d326360,4519391159,data/images/4519391159_9d326360.jpg,train,1,1,0
4519391983_046464ad,4519391983,data/images/4519391983_046464ad.jpg,train,0,0,1
4519392798_62aed457,4519392798,data/images/4519392798_62aed457.jpg,train,0,0,1
4519392809_c75f9ab0,4519392809,data/images/4519392809_c75f9ab0.jpg,train,0,0,1
4519392979_be784286,4519392979,data/images/4519392979_be784286.jpg,train,0,1,0
4519392981_f72e7f64,4519392981,data/images/4519392981_f72e7f64.jpg,train,1,0,0
4519393158_8e6c14fd,4519393158,data/images/4519393158_8e6c14fd.jpg,train,0,1,0
4519393319_725ac80b,4519393319,data/images/4519393319_725ac80b.jpg,train,1,1,0
4519393355_de511b43,4519393355,data/images/4519393355_de511b43.jpg,train,0,0,1
4519393816_1acbd235,4519393816,data/images/4519393816_1acbd235.jpg,train,0,0,1
4519393819_7c908ed4,4519393819,data/images/4519393819_7c908ed4.jpg,train,0,0,1
4519393823_125fa748,4519393823,data/images/4519393823_125fa748.jpg,train,0,1,0
4519393998_62b391ff,4519393998,data/images/4519393998_62b391ff.jpg,train,0,0,1
4519394004_be21db76,4519394004,data/images/4519394004_be21db76.jpg,train,0,1,0
4519394015_ae1b8fc1,4519394015,data/images/4519394015_ae1b8fc1.jpg,train,0,0,0
4519395177_e2b4791e,4519395177,data/images/4519395177_e2b4791e.jpg,train,0,0,1
4519396362_1d74fa2c,4519396362,data/images/4519396362_1d74fa2c.jpg,train,0,1,0
4519397163_0398018d,4519397163,data/images/4519397163_0398018d.jpg,train,1,0,0
4519397168_11535e66,4519397168,data/images/4519397168_11535e66.jpg,train,0,0,1
4519398031_b6466151,4519398031,data/images/4519398031_b6466151.jpg,train,1,0,0
4519398185_687e953e,4519398185,data/images/4519398185_687e953e.jpg,train,1,0,0
4519400193_9719e4a2,4519400193,data/images/4519400193_9719e4a2.jpg,train,0,0,0
4519400381_b72e798f,4519400381,data/images/4519400381_b72e798f.jpg,train,1,1,0
4519402199_66294d43,4519402199,data/images/4519402199_66294d43.jpg,train,0,1,0
4519403200_305283d8,4519403200,data/images/4519403200_305283d8.jpg,train,0,0,1
4519404201_e9dc9f97,4519404201,data/images/4519404201_e9dc9f97.jpg,train,1,1,0
4537176554_e246156d,4537176554,data/images/4537176554_e246156d.jpg,train,0,0,1
4858951946_994efcbc,4858951946,data/images/4858951946_994efcbc.jpg,train,0,0,1
4858955111_88088edc,4858955111,data/images/4858955111_88088edc.jpg,train,0,0,1
4866496705_f14ad948,4866496705,data/images/4866496705_f14ad948.jpg,train,1,0,0
4873790710_e2807fb4,4873790710,data/images/4873790710_e2807fb4.jpg,train,0,0,1
4911256750_113fb936,4911256750,data/images/4911256750_113fb936.jpg,train,1,0,0
4911257280_634585f6,4911257280,data/images/4911257280_634585f6.jpg,train,1,0,0
4958534120_e4f0935d,4958534120,data/images/4958534120_e4f0935d.jpg,train,0,0,1
4958536684_60dc39a9,4958536684,data/images/4958536684_60dc39a9.jpg,train,0,0,1
4958569062_49eb1430,4958569062,data/images/4958569062_49eb1430.jpg,train,1,0,0
4958573413_344dc9d7,4958573413,data/images/4958573413_344dc9d7.jpg,train,0,0,0
4975175699_6c4ea67f,4975175699,data/images/4975175699_6c4ea67f.jpg,train,1,1,0
4975200845_16e70c9b,4975200845,data/images/4975200845_16e70c9b.jpg,train,1,1,0
4986793893_7949d428,4986793893,data/images/4986793893_7949d428.jpg,train,0,0,1
4986795913_1586edd1,4986795913,data/images/4986795913_1586edd1.jpg,train,1,0,0
4988844170_ca96f626,4988844170,data/images/4988844170_ca96f626.jpg,train,0,1,0
4993504605_6f0e6869,4993504605,data/images/4993504605_6f0e6869.jpg,train,0,1,0
4993505412_542166ed,4993505412,data/images/4993505412_542166ed.jpg,train,0,0,0
4993514322_071d22f4,4993514322,data/images/4993514322_071d22f4.jpg,train,0,0,1
4993516478_dac59b8e,4993516478,data/images/4993516478_dac59b8e.jpg,train,0,0,1
4996967156_abb7221b,4996967156,data/images/4996967156_abb7221b.jpg,train,0,1,0
4997723548_7f198931,4997723548,data/images/4997723548_7f198931.jpg,train,0,0,0
4997730436_30b8bc2b,4997730436,data/images/4997730436_30b8bc2b.jpg,train,1,0,0
5058433543_0fe6bade,5058433543,data/images/5058433543_0fe6bade.jpg,train,1,1,0
5060679752_1ab41454,5060679752,data/images/5060679752_1ab41454.jpg,train,0,1,0
5060685683_972fc44c,5060685683,data/images/5060685683_972fc44c.jpg,train,1,0,0
5070651712_69af91bf,5070651712,data/images/5070651712_69af91bf.jpg,train,0,0,1
5070652477_925a800a,5070652477,data/images/5070652477_925a800a.jpg,train,0,1,0
5100796422_b62e2706,5100796422,data/images/5100796422_b62e2706.jpg,train,0,0,0
5831939803_120557f7,5831939803,data/images/5831939803_120557f7.jpg,train,0,0,0
5831939803_9a634fa9,5831939803,data/images/5831939803_9a634fa9.jpg,train,0,0,0
5832034159_279bf376,5832034159,data/images/5832034159_279bf376.jpg,train,0,0,0
5832115624_2c62360b,5832115624,data/images/5832115624_2c62360b.jpg,train,0,0,0
5858790600_0eebd1df,5858790600,data/images/5858790600_0eebd1df.jpg,train,0,0,0
5858791239_b1f1e100,5858791239,data/images/5858791239_b1f1e100.jpg,train,0,1,0
5867700631_4bade251,5867700631,data/images/5867700631_4bade251.jpg,train,1,1,0
5867701612_7cca3edc,5867701612,data/images/5867701612_7cca3edc.jpg,train,0,0,1
5867702667_bdf430b5,5867702667,data/images/5867702667_bdf430b5.jpg,train,0,0,1
5867703443_862814fc,5867703443,data/images/5867703443_862814fc.jpg,train,1,0,0
5867703517_b2ae3167,5867703517,data/images/5867703517_b2ae3167.jpg,train,1,1,0
5867705135_c0392e1f,5867705135,data/images/5867705135_c0392e1f.jpg,train,0,1,0
5867705823_894c5b05,5867705823,data/images/5867705823_894c5b05.jpg,train,0,1,0
5872107148_54552bc9,5872107148,data/images/5872107148_54552bc9.jpg,train,1,0,0
5872110526_f6191c44,5872110526,data/images/5872110526_f6191c44.jpg,train,1,1,0
5872110527_6d97f53e,5872110527,data/images/5872110527_6d97f53e.jpg,train,1,1,0
5872111030_6d1bb0e1,5872111030,data/images/5872111030_6d1bb0e1.jpg,train,1,1,0
5872111078_fda66d76,5872111078,data/images/5872111078_fda66d76.jpg,train,0,0,1
5872111084_16907723,5872111084,data/images/5872111084_16907723.jpg,train,0,0,1
5872111186_0b0070d5,5872111186,data/images/5872111186_0b0070d5.jpg,train,1,1,0
5872114894_126970fa,5872114894,data/images/5872114894_126970fa.jpg,train,0,1,0
5872114925_3093e91d,5872114925,data/images/5872114925_3093e91d.jpg,train,0,0,0
5872115017_af4c1199,5872115017,data/images/5872115017_af4c1199.jpg,train,0,0,0
5872120009_697072e7,5872120009,data/images/5872120009_697072e7.jpg,train,0,0,0
5872120032_3668834b,5872120032,data/images/5872120032_3668834b.jpg,train,0,0,0
5872120233_4ee96654,5872120233,data/images/5872120233_4ee96654.jpg,train,0,0,1
5872122498_066c1133,5872122498,data/images/5872122498_066c1133.jpg,train,0,0,1
5872125332_5a239cc9,5872125332,data/images/5872125332_5a239cc9.jpg,train,1,0,0
5872125336_dba8e22a,5872125336,data/images/5872125336_dba8e22a.jpg,train,0,0,1
5872125449_a6991c21,5872125449,data/images/5872125449_a6991c21.jpg,train,0,0,1
5872125642_8be75991,5872125642,data/images/5872125642_8be75991.jpg,train,0,1,0
5872125727_22e17139,5872125727,data/images/5872125727_22e17139.jpg,train,1,1,0
5872126172_d9272705,5872126172,data/images/5872126172_d9272705.jpg,train,1,1,0
5872126211_116e145f,5872126211,data/images/5872126211_116e145f.jpg,train,0,1,0
5872126218_c77d1e5c,5872126218,data/images/5872126218_c77d1e5c.jpg,train,1,0,0
5872126285_6a57c746,5872126285,data/images/5872126285_6a57c746.jpg,train,0,0,0
5872126296_ff738af8,5872126296,data/images/5872126296_ff738af8.jpg,train,0,0,0
5872128321_82413a63,5872128321,data/images/5872128321_82413a63.jpg,train,0,0,1
5872128948_eb26867a,5872128948,data/images/5872128948_eb26867a.jpg,train,1,1,0
5872134418_318b3fc3,5872134418,data/images/5872134418_318b3fc3.jpg,train,1,0,0
5872134419_28d7af1d,5872134419,data/images/5872134419_28d7af1d.jpg,train,0,1,0
5872134507_50eb9152,5872134507,data/images/5872134507_50eb9152.jpg,train,0,1,0
5872135045_3675b555,5872135045,data/images/5872135045_3675b555.jpg,train,0,1,0
5872135086_ddab8f6f,5872135086,data/images/5872135086_ddab8f6f.jpg,train,1,1,0
5872135168_90634069,5872135168,data/images/5872135168_90634069.jpg,train,1,0,0
5872135171_d7e78d2e,5872135171,data/images/5872135171_d7e78d2e.jpg,train,1,0,0
5872136737_4f86a170,5872136737,data/images/5872136737_4f86a170.jpg,train,0,0,1
5872137095_345ab500,5872137095,data/images/5872137095_345ab500.jpg,train,0,1,0
5872138631_c7a78cbd,5872138631,data/images/5872138631_c7a78cbd.jpg,train,1,0,0
5872138662_3b2142b0,5872138662,data/images/5872138662_3b2142b0.jpg,train,0,0,0
5872140945_6f7f24c5,5872140945,data/images/5872140945_6f7f24c5.jpg,train,1,1,0
5872142401_4a6c2770,5872142401,data/images/5872142401_4a6c2770.jpg,train,0,1,0
5872142465_fa4275f3,5872142465,data/images/5872142465_fa4275f3.jpg,train,0,0,1
5872142801_b4cac02b,5872142801,data/images/5872142801_b4cac02b.jpg,train,0,0,0
5872142985_0ed5d375,5872142985,data/images/5872142985_0ed5d375.jpg,train,1,1,0
5872143061_301a34f4,5872143061,data/images/5872143061_301a34f4.jpg,train,0,0,1
5872143164_e2cdf326,5872143164,data/images/5872143164_e2cdf326.jpg,train,0,1,0
5872143179_0703b3ff,5872143179,data/images/5872143179_0703b3ff.jpg,train,0,1,0
5872143180_93036cae,5872143180,data/images/5872143180_93036cae.jpg,train,0,0,0
5872144331_73591c3b,5872144331,data/images/5872144331_73591c3b.jpg,train,1,1,0
5872144334_2d812807,5872144334,data/images/5872144334_2d812807.jpg,train,0,0,1
5872144557_c11686e5,5872144557,data/images/5872144557_c11686e5.jpg,train,0,1,0
5872144562_36d98870,5872144562,data/images/5872144562_36d98870.jpg,train,1,1,0
5872144899_7bef3708,5872144899,data/images/5872144899_7bef3708.jpg,train,0,1,0
5872145280_c5f8e39b,5872145280,data/images/5872145280_c5f8e39b.jpg,train,0,0,0
5872146313_a0bd5c6a,5872146313,data/images/5872146313_a0bd5c6a.jpg,train,0,0,1
5872157387_2917da02,5872157387,data/images/5872157387_2917da02.jpg,train,0,1,0
5872157401_75f4fa26,5872157401,data/images/5872157401_75f4fa26.jpg,train,1,1,0
5872157587_b748f0f3,5872157587,data/images/5872157587_b748f0f3.jpg,train,0,0,0
5872157635_05f93960,5872157635,data/images/5872157635_05f93960.jpg,train,0,0,0
5872157693_7f4bea41,5872157693,data/images/5872157693_7f4bea41.jpg,train,0,0,0
5872157764_92a1405e,5872157764,data/images/5872157764_92a1405e.jpg,train,1,1,0
5872184941_227d9ae1,5872184941,data/images/5872184941_227d9ae1.jpg,train,0,0,0
6083758062_47d62365,6083758062,data/images/6083758062_47d62365.jpg,train,0,0,0
6083758515_996c59b4,6083758515,data/images/6083758515_996c59b4.jpg,train,0,1,0
6083760151_301cbd27,6083760151,data/images/6083760151_301cbd27.jpg,train,0,0,1
6160607989_f537a7b5,6160607989,data/images/6160607989_f537a7b5.jpg,train,0,0,1
6160608632_8e6c062d,6160608632,data/images/6160608632_8e6c062d.jpg,train,0,1,0
6171439006_697f7a6d,6171439006,data/images/6171439006_697f7a6d.jpg,train,0,1,0
6177275379_bf2bcabb,6177275379,data/images/6177275379_bf2bcabb.jpg,train,0,0,1
6184281980_bdff1902,6184281980,data/images/6184281980_bdff1902.jpg,train,0,1,0
6392814585_ed3f4869,6392814585,data/images/6392814585_ed3f4869.jpg,train,0,1,0
6392814813_3468645e,6392814813,data/images/6392814813_3468645e.jpg,train,1,0,0
6392814885_5d688b5d,6392814885,data/images/6392814885_5d688b5d.jpg,train,0,1,0
6392815471_ac676a88,6392815471,data/images/6392815471_ac676a88.jpg,train,1,1,0
6392815876_362c8e8f,6392815876,data/images/6392815876_362c8e8f.jpg,train,0,0,1
6392816151_6298065f,6392816151,data/images/6392816151_6298065f.jpg,train,0,0,1
6392820774_e5098b14,6392820774,data/images/6392820774_e5098b14.jpg,train,0,0,1
6392821629_eee5f3bc,6392821629,data/images/6392821629_eee5f3bc.jpg,train,0,1,0
6392821649_63a165ce,6392821649,data/images/6392821649_63a165ce.jpg,train,1,1,0
6392821665_131cb7c7,6392821665,data/images/6392821665_131cb7c7.jpg,train,1,0,0
6392822502_ca14b549,6392822502,data/images/6392822502_ca14b549.jpg,train,1,1,0
6415209305_c6e32d91,6415209305,data/images/6415209305_c6e32d91.jpg,train,1,1,0
912079088_d19009f3,912079088,data/images/912079088_d19009f3.jpg,train,0,0,1
912079207_26cc10aa,912079207,data/images/912079207_26cc10aa.jpg,train,0,1,0
912079271_8f2364f6,912079271,data/images/912079271_8f2364f6.jpg,train,0,1,0
912079325_4d47e494,912079325,data/images/912079325_4d47e494.jpg,train,1,1,0
912079347_f3de7866,912079347,data/images/912079347_f3de7866.jpg,train,0,1,0
912079392_beb3585f,912079392,data/images/912079392_beb3585f.jpg,train,0,0,1
912079454_e6b0758b,912079454,data/images/912079454_e6b0758b.jpg,train,0,1,0
912079497_7afebf9b,912079497,data/images/912079497_7afebf9b.jpg,train,0,0,1
912079512_221f3c8d,912079512,data/images/912079512_221f3c8d.jpg,train,0,0,1
912079549_f6d67f46,912079549,data/images/912079549_f6d67f46.jpg,train,1,1,0
912079937_24ef81d3,912079937,data/images/912079937_24ef81d3.jpg,train,1,1,1
912079978_ae143019,912079978,data/images/912079978_ae143019.jpg,train,1,0,0
912088581_7e34e499,912088581,data/images/912088581_7e34e499.jpg,train,0,0,1
912092620_83b2b778,912092620,data/images/912092620_83b2b778.jpg,train,1,1,0
912092621_33d1f1b8,912092621,data/images/912092621_33d1f1b8.jpg,train,1,1,0
912092778_1f5b4b37,912092778,data/images/912092778_1f5b4b37.jpg,train,1,1,0
912092780_8f8c9788,912092780,data/images/912092780_8f8c9788.jpg,train,0,0,1
912162853_2d0461a1,912162853,data/images/912162853_2d0461a1.jpg,train,0,1,0
912232908_09bb3fb3,912232908,data/images/912232908_09bb3fb3.jpg,train,1,0,0
912232948_ffb663c9,912232948,data/images/912232948_ffb663c9.jpg,train,1,1,0
912233107_abe9c582,912233107,data/images/912233107_abe9c582.jpg,train,1,1,0
912233113_7c64043d,912233113,data/images/912233113_7c64043d.jpg,train,1,0,1
912233149_9b66f637,912233149,data/images/912233149_9b66f637.jpg,train,1,1,0
912233175_4886d7db,912233175,data/images/912233175_4886d7db.jpg,train,1,1,0
912233203_a0fdfc96,912233203,data/images/912233203_a0fdfc96.jpg,train,0,1,0
912233226_48870d22,912233226,data/images/912233226_48870d22.jpg,train,1,0,0
912233283_cf682633,912233283,data/images/912233283_cf682633.jpg,train,1,0,0
912233290_ef91b2e3,912233290,data/images/912233290_ef91b2e3.jpg,train,0,0,1
912233293_051ec146,912233293,data/images/912233293_051ec146.jpg,train,1,0,0
912233314_bc52ef47,912233314,data/images/912233314_bc52ef47.jpg,train,0,0,1
912233328_ee48b792,912233328,data/images/912233328_ee48b792.jpg,train,1,1,0
912233457_63019694,912233457,data/images/912233457_63019694.jpg,train,1,0,0
912233572_b4ef82b9,912233572,data/images/912233572_b4ef82b9.jpg,train,0,0,1
912233608_ce0052dd,912233608,data/images/912233608_ce0052dd.jpg,train,0,1,0
912233708_528736b2,912233708,data/images/912233708_528736b2.jpg,train,1,1,0
912233734_88078aaa,912233734,data/images/912233734_88078aaa.jpg,train,1,0,0
912285385_b2413fc3,912285385,data/images/912285385_b2413fc3.jpg,train,0,0,1
912285478_abb55a86,912285478,data/images/912285478_abb55a86.jpg,train,0,0,0
912285550_91bf85c7,912285550,data/images/912285550_91bf85c7.jpg,train,0,0,1
912285622_0026fabc,912285622,data/images/912285622_0026fabc.jpg,train,0,1,0
912285653_709f7f22,912285653,data/images/912285653_709f7f22.jpg,train,1,0,0
912285676_a6295d50,912285676,data/images/912285676_a6295d50.jpg,train,0,0,1
912285711_d3619687,912285711,data/images/912285711_d3619687.jpg,train,1,0,0
912285720_7841e3ec,912285720,data/images/912285720_7841e3ec.jpg,train,1,1,0
912285730_d444fb1f,912285730,data/images/912285730_d444fb1f.jpg,train,0,0,1
912285789_d244ee9a,912285789,data/images/912285789_d244ee9a.jpg,train,0,0,1
912285810_88fff88b,912285810,data/images/912285810_88fff88b.jpg,train,0,0,1
912285863_8a1a4631,912285863,data/images/912285863_8a1a4631.jpg,train,1,0,0
912285879_7e2c3845,912285879,data/images/912285879_7e2c3845.jpg,train,1,1,0
912285927_58650093,912285927,data/images/912285927_58650093.jpg,train,0,1,0
912285940_81a02b98,912285940,data/images/912285940_81a02b98.jpg,train,1,0,0
912286072_78aa805c,912286072,data/images/912286072_78aa805c.jpg,train,1,1,0
912286352_e45f9d3d,912286352,data/images/912286352_e45f9d3d.jpg,train,1,1,0
912286453_a82319c2,912286453,data/images/912286453_a82319c2.jpg,train,0,0,1
912286600_0353368d,912286600,data/images/912286600_0353368d.jpg,train,1,1,0
912286605_4540b72b,912286605,data/images/912286605_4540b72b.jpg,train,1,0,0
912286606_1e60f7c0,912286606,data/images/912286606_1e60f7c0.jpg,train,1,1,0
912286650_181cc15c,912286650,data/images/912286650_181cc15c.jpg,train,0,1,0
912286972_7456155a,912286972,data/images/912286972_7456155a.jpg,train,1,1,0
912286973_538fa7ca,912286973,data/images/912286973_538fa7ca.jpg,train,0,0,1
912287035_53acf9a4,912287035,data/images/912287035_53acf9a4.jpg,train,1,1,0
912287089_aeaa2596,912287089,data/images/912287089_aeaa2596.jpg,train,0,0,1
912287125_8117ebe3,912287125,data/images/912287125_8117ebe3.jpg,train,0,0,1
912287173_ec42da42,912287173,data/images/912287173_ec42da42.jpg,train,1,1,0
912287245_756ba5a5,912287245,data/images/912287245_756ba5a5.jpg,train,1,1,0
912287295_3f80bfc9,912287295,data/images/912287295_3f80bfc9.jpg,train,0,1,0
912287338_bc68eabb,912287338,data/images/912287338_bc68eabb.jpg,train,1,0,0
912287352_0d8cae9c,912287352,data/images/912287352_0d8cae9c.jpg,train,1,0,0
912287357_451206ea,912287357,data/images/912287357_451206ea.jpg,train,0,0,1
912287393_48f33e87,912287393,data/images/912287393_48f33e87.jpg,train,1,1,0
912287424_e9a7667e,912287424,data/images/912287424_e9a7667e.jpg,train,1,0,0
912287458_6b1105c7,912287458,data/images/912287458_6b1105c7.jpg,train,1,0,0
912287483_cc71bb5d,912287483,data/images/912287483_cc71bb5d.jpg,train,0,0,1
912287500_99c2a546,912287500,data/images/912287500_99c2a546.jpg,train,0,0,1
912287539_6ce306e9,912287539,data/images/912287539_6ce306e9.jpg,train,0,1,0
912287598_a93fe43a,912287598,data/images/912287598_a93fe43a.jpg,train,0,0,1
912287606_e842b51a,912287606,data/images/912287606_e842b51a.jpg,train,0,0,1
912287618_0dd06edb,912287618,data/images/912287618_0dd06edb.jpg,train,0,0,1
912287655_9f309dc5,912287655,data/images/912287655_9f309dc5.jpg,train,0,0,1
912287675_f17d74f6,912287675,data/images/912287675_f17d74f6.jpg,train,1,1,0
912287684_2fe6f367,912287684,data/images/912287684_2fe6f367.jpg,train,0,1,0
912287723_6907dd1a,912287723,data/images/912287723_6907dd1a.jpg,train,0,1,1
912287790_8f021c20,912287790,data/images/912287790_8f021c20.jpg,train,1,1,0
912287855_689d9cef,912287855,data/images/912287855_689d9cef.jpg,train,0,0,1
912292849_1bbd334d,912292849,data/images/912292849_1bbd334d.jpg,train,0,0,1
912292850_fd451e88,912292850,data/images/912292850_fd451e88.jpg,train,0,0,1
912292874_b7038cb1,912292874,data/images/912292874_b7038cb1.jpg,train,0,1,0
912292898_ebacc71b,912292898,data/images/912292898_ebacc71b.jpg,train,1,0,0
912293126_a70f4d4f,912293126,data/images/912293126_a70f4d4f.jpg,train,1,1,0
912293461_a64148a6,912293461,data/images/912293461_a64148a6.jpg,train,1,1,0
912293658_024ed297,912293658,data/images/912293658_024ed297.jpg,train,1,1,0
912293711_e355459e,912293711,data/images/912293711_e355459e.jpg,train,1,1,0
912293750_e118fe42,912293750,data/images/912293750_e118fe42.jpg,train,0,1,0
912293753_952fa401,912293753,data/images/912293753_952fa401.jpg,train,1,1,0
912293753_bd8c008c,912293753,data/images/912293753_bd8c008c.jpg,train,1,1,0
912293796_7554fd7a,912293796,data/images/912293796_7554fd7a.jpg,train,1,1,0
912293822_845a357c,912293822,data/images/912293822_845a357c.jpg,train,1,1,0
912293917_283bed92,912293917,data/images/912293917_283bed92.jpg,train,1,1,0
912293991_9f9f89b3,912293991,data/images/912293991_9f9f89b3.jpg,train,1,1,0
912294010_3992ca6b,912294010,data/images/912294010_3992ca6b.jpg,train,0,0,1
912294099_37c67d60,912294099,data/images/912294099_37c67d60.jpg,train,0,0,1
912294121_b0ed52ef,912294121,data/images/912294121_b0ed52ef.jpg,train,1,1,0
912294181_731302a2,912294181,data/images/912294181_731302a2.jpg,train,0,0,1
912294243_0fe6319c,912294243,data/images/912294243_0fe6319c.jpg,train,1,1,0
912294282_d2981b38,912294282,data/images/912294282_d2981b38.jpg,train,1,0,0
912294424_693f7fc6,912294424,data/images/912294424_693f7fc6.jpg,train,0,0,1
912294467_a6da5752,912294467,data/images/912294467_a6da5752.jpg,train,0,0,1
912294656_f9ed8747,912294656,data/images/912294656_f9ed8747.jpg,train,0,0,1
912294718_179cbd1f,912294718,data/images/912294718_179cbd1f.jpg,train,0,0,0
912294784_6f2b7833,912294784,data/images/912294784_6f2b7833.jpg,train,1,0,0
912294800_2fbe582b,912294800,data/images/912294800_2fbe582b.jpg,train,1,1,1
912294801_f9b31515,912294801,data/images/912294801_f9b31515.jpg,train,1,1,0
912294814_8f8c8b80,912294814,data/images/912294814_8f8c8b80.jpg,train,1,1,0
912294832_9ff25b32,912294832,data/images/912294832_9ff25b32.jpg,train,1,1,0
912294960_e791c08b,912294960,data/images/912294960_e791c08b.jpg,train,1,1,0
912294983_ebe23312,912294983,data/images/912294983_ebe23312.jpg,train,0,1,1
912295089_916a45f1,912295089,data/images/912295089_916a45f1.jpg,train,1,0,0
912295092_9039065d,912295092,data/images/912295092_9039065d.jpg,train,1,0,0
912295126_5b9b3717,912295126,data/images/912295126_5b9b3717.jpg,train,1,0,0
912295138_e6768bc7,912295138,data/images/912295138_e6768bc7.jpg,train,0,0,1
912399620_6598be58,912399620,data/images/912399620_6598be58.jpg,train,1,1,0
912467518_6da33b29,912467518,data/images/912467518_6da33b29.jpg,train,0,0,1
1020042535_e38149e2,1020042535,data/images/1020042535_e38149e2.jpg,val,0,1,0
1228144762_563f807d,1228144762,data/images/1228144762_563f807d.jpg,val,0,0,1
1228144868_54097e0d,1228144868,data/images/1228144868_54097e0d.jpg,val,0,0,1
1228145641_203c5406,1228145641,data/images/1228145641_203c5406.jpg,val,0,0,0
1228147254_0f041189,1228147254,data/images/1228147254_0f041189.jpg,val,0,0,1
1228149927_53a11386,1228149927,data/images/1228149927_53a11386.jpg,val,1,1,0
1228159653_bbe99640,1228159653,data/images/1228159653_bbe99640.jpg,val,0,1,0
1228162628_2d57f497,1228162628,data/images/1228162628_2d57f497.jpg,val,0,0,0
1228163976_cd7768bd,1228163976,data/images/1228163976_cd7768bd.jpg,val,0,1,0
1228164702_d10aef83,1228164702,data/images/1228164702_d10aef83.jpg,val,1,0,0
1228165089_e4e904a5,1228165089,data/images/1228165089_e4e904a5.jpg,val,1,1,0
1228168858_b856e2ae,1228168858,data/images/1228168858_b856e2ae.jpg,val,1,1,0
1228179749_7869562a,1228179749,data/images/1228179749_7869562a.jpg,val,1,1,1
1228184836_2ab6fa8a,1228184836,data/images/1228184836_2ab6fa8a.jpg,val,1,1,0
1228186764_e3c16f2d,1228186764,data/images/1228186764_e3c16f2d.jpg,val,0,1,0
1228187088_79af2dca,1228187088,data/images/1228187088_79af2dca.jpg,val,1,1,0
1228189693_c9c0b654,1228189693,data/images/1228189693_c9c0b654.jpg,val,1,1,0
1228191547_488db26a,1228191547,data/images/1228191547_488db26a.jpg,val,1,0,0
1228197822_3ab18f76,1228197822,data/images/1228197822_3ab18f76.jpg,val,0,1,0
1228198354_6dab8a38,1228198354,data/images/1228198354_6dab8a38.jpg,val,1,0,0
1228200975_c3824d13,1228200975,data/images/1228200975_c3824d13.jpg,val,1,1,0
1228205450_28d290da,1228205450,data/images/1228205450_28d290da.jpg,val,0,0,1
1228209562_25f21eac,1228209562,data/images/1228209562_25f21eac.jpg,val,0,0,1
1228212225_b6b6c08d,1228212225,data/images/1228212225_b6b6c08d.jpg,val,0,1,0
1228212225_c0325f37,1228212225,data/images/1228212225_c0325f37.jpg,val,0,1,0
1228214652_fa055108,1228214652,data/images/1228214652_fa055108.jpg,val,1,1,0
1228220236_c2e93bc2,1228220236,data/images/1228220236_c2e93bc2.jpg,val,1,1,0
1228221216_c070c19c,1228221216,data/images/1228221216_c070c19c.jpg,val,0,0,1
1228223809_2dcdf038,1228223809,data/images/1228223809_2dcdf038.jpg,val,1,0,0
1228224137_6d4cdcac,1228224137,data/images/1228224137_6d4cdcac.jpg,val,1,1,0
1228226064_cf98a7df,1228226064,data/images/1228226064_cf98a7df.jpg,val,0,1,0
1228231026_95eaeb9d,1228231026,data/images/1228231026_95eaeb9d.jpg,val,1,0,0
1228241085_2eaa6c22,1228241085,data/images/1228241085_2eaa6c22.jpg,val,0,0,1
1228246567_28c51072,1228246567,data/images/1228246567_28c51072.jpg,val,0,0,1
1228250508_8288b176,1228250508,data/images/1228250508_8288b176.jpg,val,0,0,1
1228251906_31cf38a8,1228251906,data/images/1228251906_31cf38a8.jpg,val,1,0,0
1228265909_c1495ce9,1228265909,data/images/1228265909_c1495ce9.jpg,val,1,1,0
1228296827_0fc1690f,1228296827,data/images/1228296827_0fc1690f.jpg,val,1,0,0
1228299752_bbcbf7a1,1228299752,data/images/1228299752_bbcbf7a1.jpg,val,0,0,1
1228307228_74d6788e,1228307228,data/images/1228307228_74d6788e.jpg,val,0,0,1
1228308234_749df9c6,1228308234,data/images/1228308234_749df9c6.jpg,val,0,0,0
1228324068_ec045710,1228324068,data/images/1228324068_ec045710.jpg,val,0,0,0
1228329889_2eb0a61f,1228329889,data/images/1228329889_2eb0a61f.jpg,val,1,0,0
1228335730_d8df84c2,1228335730,data/images/1228335730_d8df84c2.jpg,val,1,1,0
1228341714_b16ce976,1228341714,data/images/1228341714_b16ce976.jpg,val,0,0,1
1228345533_36ed27a8,1228345533,data/images/1228345533_36ed27a8.jpg,val,1,0,0
1228364273_faef7ff1,1228364273,data/images/1228364273_faef7ff1.jpg,val,1,0,0
1228368475_2a0980f0,1228368475,data/images/1228368475_2a0980f0.jpg,val,0,0,0
1228380157_2fb7aada,1228380157,data/images/1228380157_2fb7aada.jpg,val,0,0,1
1228380726_cf9c66ba,1228380726,data/images/1228380726_cf9c66ba.jpg,val,0,0,0
1228409525_c107824b,1228409525,data/images/1228409525_c107824b.jpg,val,0,0,1
1228418170_7e87dae0,1228418170,data/images/1228418170_7e87dae0.jpg,val,0,0,1
1228421993_7bdb04e6,1228421993,data/images/1228421993_7bdb04e6.jpg,val,0,1,0
1228423051_02daf901,1228423051,data/images/1228423051_02daf901.jpg,val,0,1,0
1228424954_839a2d96,1228424954,data/images/1228424954_839a2d96.jpg,val,1,1,0
1228433514_d54563d6,1228433514,data/images/1228433514_d54563d6.jpg,val,0,0,1
1228436037_0d01791c,1228436037,data/images/1228436037_0d01791c.jpg,val,1,0,0
1228436989_150c0f12,1228436989,data/images/1228436989_150c0f12.jpg,val,1,0,0
1228455311_39cd4404,1228455311,data/images/1228455311_39cd4404.jpg,val,0,0,1
1228455595_4057d381,1228455595,data/images/1228455595_4057d381.jpg,val,1,1,0
1228468024_ff214a9a,1228468024,data/images/1228468024_ff214a9a.jpg,val,0,0,1
1228471775_f435f8eb,1228471775,data/images/1228471775_f435f8eb.jpg,val,0,0,1
1228491023_d4b8602e,1228491023,data/images/1228491023_d4b8602e.jpg,val,0,0,1
1228499050_f0bb0237,1228499050,data/images/1228499050_f0bb0237.jpg,val,0,0,1
1228499325_d86aed94,1228499325,data/images/1228499325_d86aed94.jpg,val,1,0,0
1228502929_8f530d54,1228502929,data/images/1228502929_8f530d54.jpg,val,0,0,1
1228510612_98069ea4,1228510612,data/images/1228510612_98069ea4.jpg,val,1,1,0
1228511047_70aaeae5,1228511047,data/images/1228511047_70aaeae5.jpg,val,0,1,0
1228528226_a528c76a,1228528226,data/images/1228528226_a528c76a.jpg,val,1,1,0
1228528265_8c80db63,1228528265,data/images/1228528265_8c80db63.jpg,val,0,0,1
1228529279_1fc928c5,1228529279,data/images/1228529279_1fc928c5.jpg,val,1,1,0
1228529328_ddca98d6,1228529328,data/images/1228529328_ddca98d6.jpg,val,1,1,0
1228534877_433ca264,1228534877,data/images/1228534877_433ca264.jpg,val,1,1,0
1228536697_127ef542,1228536697,data/images/1228536697_127ef542.jpg,val,1,0,0
1228537333_59578f76,1228537333,data/images/1228537333_59578f76.jpg,val,1,1,0
1228537704_61849a1b,1228537704,data/images/1228537704_61849a1b.jpg,val,0,0,1
1228541031_1ded5126,1228541031,data/images/1228541031_1ded5126.jpg,val,1,1,0
1228545572_3d4068ea,1228545572,data/images/1228545572_3d4068ea.jpg,val,0,1,0
1228546822_95d5a1b0,1228546822,data/images/1228546822_95d5a1b0.jpg,val,1,1,0
1228554000_ca7a1a38,1228554000,data/images/1228554000_ca7a1a38.jpg,val,0,0,1
1228559305_35e729c3,1228559305,data/images/1228559305_35e729c3.jpg,val,0,0,1
1228562889_6d4595d9,1228562889,data/images/1228562889_6d4595d9.jpg,val,0,0,1
1228563227_ccdd51d9,1228563227,data/images/1228563227_ccdd51d9.jpg,val,1,1,0
1228568970_0913c08e,1228568970,data/images/1228568970_0913c08e.jpg,val,1,1,0
1228577283_ae4f960e,1228577283,data/images/1228577283_ae4f960e.jpg,val,0,0,1
1228585302_f204d25d,1228585302,data/images/1228585302_f204d25d.jpg,val,0,0,1
1228588850_157191d9,1228588850,data/images/1228588850_157191d9.jpg,val,1,0,0
1228590802_93da2599,1228590802,data/images/1228590802_93da2599.jpg,val,0,0,1
1228594707_4eefc516,1228594707,data/images/1228594707_4eefc516.jpg,val,0,1,0
1228604880_5089890d,1228604880,data/images/1228604880_5089890d.jpg,val,0,1,0
1228604990_09dcab98,1228604990,data/images/1228604990_09dcab98.jpg,val,1,1,0
1228610528_72b432c0,1228610528,data/images/1228610528_72b432c0.jpg,val,0,0,1
1228611922_86f0e789,1228611922,data/images/1228611922_86f0e789.jpg,val,0,0,0
1228612661_73a63d97,1228612661,data/images/1228612661_73a63d97.jpg,val,0,1,0
1228615609_fa6b5010,1228615609,data/images/1228615609_fa6b5010.jpg,val,0,1,0
1228617650_5752496c,1228617650,data/images/1228617650_5752496c.jpg,val,0,1,0
1228618672_068ab516,1228618672,data/images/1228618672_068ab516.jpg,val,1,1,0
1228619889_ff065f85,1228619889,data/images/1228619889_ff065f85.jpg,val,1,1,0
1228627876_305f8fe7,1228627876,data/images/1228627876_305f8fe7.jpg,val,0,0,1
1228633603_2dc45231,1228633603,data/images/1228633603_2dc45231.jpg,val,0,1,0
1228633805_36d724f6,1228633805,data/images/1228633805_36d724f6.jpg,val,1,0,0
1228633817_f7595f33,1228633817,data/images/1228633817_f7595f33.jpg,val,0,1,0
1228633844_23fa9acf,1228633844,data/images/1228633844_23fa9acf.jpg,val,0,0,1
1252639564_b4fcaa8d,1252639564,data/images/1252639564_b4fcaa8d.jpg,val,0,0,1
1252639985_604e92e8,1252639985,data/images/1252639985_604e92e8.jpg,val,1,1,0
1257719351_2d687e40,1257719351,data/images/1257719351_2d687e40.jpg,val,0,0,0
1257719351_8a0c23fc,1257719351,data/images/1257719351_8a0c23fc.jpg,val,0,0,0
1257861125_1dd79d41,1257861125,data/images/1257861125_1dd79d41.jpg,val,1,1,0
1257939403_bb68d647,1257939403,data/images/1257939403_bb68d647.jpg,val,0,0,0
1258007077_01332be4,1258007077,data/images/1258007077_01332be4.jpg,val,0,1,1
1258007077_0627c105,1258007077,data/images/1258007077_0627c105.jpg,val,0,0,1
1258007077_5d229d9b,1258007077,data/images/1258007077_5d229d9b.jpg,val,0,1,0
1258007077_8cabf58d,1258007077,data/images/1258007077_8cabf58d.jpg,val,0,1,0
1258007077_f6a1109f,1258007077,data/images/1258007077_f6a1109f.jpg,val,0,1,0
1258557705_d4d26587,1258557705,data/images/1258557705_d4d26587.jpg,val,1,1,0
1258668705_82dc5c5b,1258668705,data/images/1258668705_82dc5c5b.jpg,val,0,0,1
1259574188_8600fedf,1259574188,data/images/1259574188_8600fedf.jpg,val,1,1,0
1260370761_77872b14,1260370761,data/images/1260370761_77872b14.jpg,val,1,1,0
1260486316_9a707991,1260486316,data/images/1260486316_9a707991.jpg,val,1,1,1
1262189069_6fd38de5,1262189069,data/images/1262189069_6fd38de5.jpg,val,0,1,0
1262189088_fbfcefe3,1262189088,data/images/1262189088_fbfcefe3.jpg,val,1,1,0
1265788399_629850c7,1265788399,data/images/1265788399_629850c7.jpg,val,0,0,1
1265791638_1d0bc340,1265791638,data/images/1265791638_1d0bc340.jpg,val,0,0,1
1322868917_8d494feb,1322868917,data/images/1322868917_8d494feb.jpg,val,1,1,0
1423907336_e5aac542,1423907336,data/images/1423907336_e5aac542.jpg,val,0,1,0
1424047195_fbf2baa7,1424047195,data/images/1424047195_fbf2baa7.jpg,val,0,0,1
1424047907_6cc83884,1424047907,data/images/1424047907_6cc83884.jpg,val,0,1,0
1424067601_db166a09,1424067601,data/images/1424067601_db166a09.jpg,val,0,0,1
1424073824_b2b7416c,1424073824,data/images/1424073824_b2b7416c.jpg,val,0,0,1
1424074616_4a1c2717,1424074616,data/images/1424074616_4a1c2717.jpg,val,0,0,0
1424075326_ac69f2af,1424075326,data/images/1424075326_ac69f2af.jpg,val,0,1,0
1424110316_1c9c0fc1,1424110316,data/images/1424110316_1c9c0fc1.jpg,val,0,0,1
1424153276_e4feb956,1424153276,data/images/1424153276_e4feb956.jpg,val,1,0,0
1424205247_6d34f575,1424205247,data/images/1424205247_6d34f575.jpg,val,0,0,1
1424240144_42d3c857,1424240144,data/images/1424240144_42d3c857.jpg,val,0,0,0
1424272527_0d9ad9e5,1424272527,data/images/1424272527_0d9ad9e5.jpg,val,0,0,1
1424278125_1d56e674,1424278125,data/images/1424278125_1d56e674.jpg,val,0,0,1
1424303235_4d75a728,1424303235,data/images/1424303235_4d75a728.jpg,val,0,1,0
1424359842_a3ef954d,1424359842,data/images/1424359842_a3ef954d.jpg,val,0,1,0
1424409303_c1613428,1424409303,data/images/1424409303_c1613428.jpg,val,1,1,0
1424432435_0e114d19,1424432435,data/images/1424432435_0e114d19.jpg,val,0,0,1
1424473583_41b32d99,1424473583,data/images/1424473583_41b32d99.jpg,val,1,0,0
1424506224_069dbb9e,1424506224,data/images/1424506224_069dbb9e.jpg,val,0,1,0
1424513186_08c5e102,1424513186,data/images/1424513186_08c5e102.jpg,val,0,0,1
1451070468_c792e7af,1451070468,data/images/1451070468_c792e7af.jpg,val,1,1,0
1451071498_c41dc4b6,1451071498,data/images/1451071498_c41dc4b6.jpg,val,0,1,1
1451071921_b0643c9a,1451071921,data/images/1451071921_b0643c9a.jpg,val,1,1,0
1451072677_0568ea37,1451072677,data/images/1451072677_0568ea37.jpg,val,0,1,0
1451072728_f37bfdb4,1451072728,data/images/1451072728_f37bfdb4.jpg,val,0,0,1
1455936224_577b1c48,1455936224,data/images/1455936224_577b1c48.jpg,val,0,0,1
1455963942_cd8bc7f8,1455963942,data/images/1455963942_cd8bc7f8.jpg,val,0,0,1
1455975039_546a7f57,1455975039,data/images/1455975039_546a7f57.jpg,val,0,0,1
1456038668_5778178e,1456038668,data/images/1456038668_5778178e.jpg,val,0,0,1
1456041501_88cc9bee,1456041501,data/images/1456041501_88cc9bee.jpg,val,0,1,0
1456077898_773546a1,1456077898,data/images/1456077898_773546a1.jpg,val,0,1,0
1456084790_d3ca9411,1456084790,data/images/1456084790_d3ca9411.jpg,val,0,0,0
1456097133_ef7d1ebe,1456097133,data/images/1456097133_ef7d1ebe.jpg,val,0,0,1
1456137456_4f308752,1456137456,data/images/1456137456_4f308752.jpg,val,0,0,1
1456188219_9044d835,1456188219,data/images/1456188219_9044d835.jpg,val,0,0,0
1456342566_cf676786,1456342566,data/images/1456342566_cf676786.jpg,val,0,0,1
1456393777_31a40723,1456393777,data/images/1456393777_31a40723.jpg,val,0,1,0
1456447642_d79cd9e0,1456447642,data/images/1456447642_d79cd9e0.jpg,val,1,0,0
1503255431_b01fa0fa,1503255431,data/images/1503255431_b01fa0fa.jpg,val,0,0,0
1571706063_d1ae82cc,1571706063,data/images/1571706063_d1ae82cc.jpg,val,1,0,1
1851288778_5ff20aeb,1851288778,data/images/1851288778_5ff20aeb.jpg,val,1,0,0
1913950215_1e9f4994,1913950215,data/images/1913950215_1e9f4994.jpg,val,1,0,0
2270465857_a691cd22,2270465857,data/images/2270465857_a691cd22.jpg,val,1,1,0
2270465857_a8ae37d7,2270465857,data/images/2270465857_a8ae37d7.jpg,val,1,1,0
2270468213_24f69562,2270468213,data/images/2270468213_24f69562.jpg,val,0,0,1
2270468819_1b5ba9c9,2270468819,data/images/2270468819_1b5ba9c9.jpg,val,0,0,1
2270483234_c3282f84,2270483234,data/images/2270483234_c3282f84.jpg,val,1,0,0
2270483234_c639e1bd,2270483234,data/images/2270483234_c639e1bd.jpg,val,1,0,0
2270483334_b4930b13,2270483334,data/images/2270483334_b4930b13.jpg,val,0,0,1
2270532198_e3d82ffc,2270532198,data/images/2270532198_e3d82ffc.jpg,val,0,0,0
2270556521_d218763f,2270556521,data/images/2270556521_d218763f.jpg,val,1,0,0
2270556704_76115e9b,2270556704,data/images/2270556704_76115e9b.jpg,val,1,0,0
2270556929_4244361c,2270556929,data/images/2270556929_4244361c.jpg,val,0,1,0
2270557357_1a07e691,2270557357,data/images/2270557357_1a07e691.jpg,val,0,0,1
2270557804_0b155c69,2270557804,data/images/2270557804_0b155c69.jpg,val,1,1,0
2270557927_35293546,2270557927,data/images/2270557927_35293546.jpg,val,0,0,1
2270557927_3d75187f,2270557927,data/images/2270557927_3d75187f.jpg,val,0,0,1
2270558153_d28fe3a7,2270558153,data/images/2270558153_d28fe3a7.jpg,val,0,1,0
2270558303_3179a43e,2270558303,data/images/2270558303_3179a43e.jpg,val,0,0,0
2270558655_848150d7,2270558655,data/images/2270558655_848150d7.jpg,val,1,0,0
2270558655_c3982e09,2270558655,data/images/2270558655_c3982e09.jpg,val,1,0,0
2270558655_e0c2f152,2270558655,data/images/2270558655_e0c2f152.jpg,val,1,0,0
2270562084_67f1e18d,2270562084,data/images/2270562084_67f1e18d.jpg,val,0,1,0
2270563272_f337d471,2270563272,data/images/2270563272_f337d471.jpg,val,0,0,1
2270564760_82dbd06c,2270564760,data/images/2270564760_82dbd06c.jpg,val,1,0,0
2270566664_4d86bc08,2270566664,data/images/2270566664_4d86bc08.jpg,val,0,0,1
2270572742_881a842f,2270572742,data/images/2270572742_881a842f.jpg,val,1,0,0
2270669901_9347ab73,2270669901,data/images/2270669901_9347ab73.jpg,val,1,0,0
2270669966_49c11d1d,2270669966,data/images/2270669966_49c11d1d.jpg,val,1,1,0
2270673316_fd95f260,2270673316,data/images/2270673316_fd95f260.jpg,val,1,0,0
2270674405_062eac19,2270674405,data/images/2270674405_062eac19.jpg,val,1,0,0
2270674405_fa73c2fb,2270674405,data/images/2270674405_fa73c2fb.jpg,val,1,0,0
2270674885_3b24be58,2270674885,data/images/2270674885_3b24be58.jpg,val,0,0,1
2270675332_3931064b,2270675332,data/images/2270675332_3931064b.jpg,val,0,0,0
2270675638_2167418d,2270675638,data/images/2270675638_2167418d.jpg,val,0,0,0
2270676175_15d73e9d,2270676175,data/images/2270676175_15d73e9d.jpg,val,1,1,0
2270676272_7f3596c7,2270676272,data/images/2270676272_7f3596c7.jpg,val,0,0,1
2270676272_e52f5c1f,2270676272,data/images/2270676272_e52f5c1f.jpg,val,0,0,1
2270676272_fd1d8a3c,2270676272,data/images/2270676272_fd1d8a3c.jpg,val,0,0,1
2270676355_10c1b1d7,2270676355,data/images/2270676355_10c1b1d7.jpg,val,0,0,1
2270676355_26ceef52,2270676355,data/images/2270676355_26ceef52.jpg,val,0,0,1
2270676674_a0546fcf,2270676674,data/images/2270676674_a0546fcf.jpg,val,1,1,0
2270676771_0f69e211,2270676771,data/images/2270676771_0f69e211.jpg,val,0,0,1
2270676771_312974ff,2270676771,data/images/2270676771_312974ff.jpg,val,0,0,1
2270676917_b0f93054,2270676917,data/images/2270676917_b0f93054.jpg,val,1,1,0
2270677365_92b0ae21,2270677365,data/images/2270677365_92b0ae21.jpg,val,0,1,1
2270677373_8759e49f,2270677373,data/images/2270677373_8759e49f.jpg,val,1,0,0
2270677445_7cc4e147,2270677445,data/images/2270677445_7cc4e147.jpg,val,0,0,1
2270677641_2ba972c4,2270677641,data/images/2270677641_2ba972c4.jpg,val,1,0,0
2270677891_6b9a6b36,2270677891,data/images/2270677891_6b9a6b36.jpg,val,0,0,0
2270677985_80487a5b,2270677985,data/images/2270677985_80487a5b.jpg,val,1,0,0
2270678449_3d4209ed,2270678449,data/images/2270678449_3d4209ed.jpg,val,1,0,0
2270678449_e0cd6e1f,2270678449,data/images/2270678449_e0cd6e1f.jpg,val,1,0,0
2270678479_542be180,2270678479,data/images/2270678479_542be180.jpg,val,0,0,0
2270678994_d46deb45,2270678994,data/images/2270678994_d46deb45.jpg,val,0,0,0
2270679111_0a6951d4,2270679111,data/images/2270679111_0a6951d4.jpg,val,1,0,0
2270679189_1a0a2973,2270679189,data/images/2270679189_1a0a2973.jpg,val,1,1,0
2270679615_282bcaa7,2270679615,data/images/2270679615_282bcaa7.jpg,val,1,0,0
2270680499_75620c04,2270680499,data/images/2270680499_75620c04.jpg,val,0,0,1
2270680994_af2ab830,2270680994,data/images/2270680994_af2ab830.jpg,val,1,0,1
2270681069_89d93cd6,2270681069,data/images/2270681069_89d93cd6.jpg,val,0,0,1
2270681389_dab72ac4,2270681389,data/images/2270681389_dab72ac4.jpg,val,0,0,1
2270682586_f6cfbcdb,2270682586,data/images/2270682586_f6cfbcdb.jpg,val,1,0,0
2270682634_c33e6c83,2270682634,data/images/2270682634_c33e6c83.jpg,val,1,0,0
2270683442_954547d8,2270683442,data/images/2270683442_954547d8.jpg,val,0,0,1
2270684163_f6f3f03a,2270684163,data/images/2270684163_f6f3f03a.jpg,val,0,1,0
2270684597_3c3e6860,2270684597,data/images/2270684597_3c3e6860.jpg,val,0,0,1
2270685276_86eb3301,2270685276,data/images/2270685276_86eb3301.jpg,val,0,0,1
2270685766_b911d603,2270685766,data/images/2270685766_b911d603.jpg,val,0,0,1
2270685942_64a4dac6,2270685942,data/images/2270685942_64a4dac6.jpg,val,0,0,1
2270686361_71ec938f,2270686361,data/images/2270686361_71ec938f.jpg,val,1,0,0
2270686952_8d5d9d4e,2270686952,data/images/2270686952_8d5d9d4e.jpg,val,0,1,0
2270686952_b7c76385,2270686952,data/images/2270686952_b7c76385.jpg,val,0,1,0
2270690078_e0f992b5,2270690078,data/images/2270690078_e0f992b5.jpg,val,1,1,0
3126848320_76531218,3126848320,data/images/3126848320_76531218.jpg,val,0,1,1
3380882312_7306d386,3380882312,data/images/3380882312_7306d386.jpg,val,1,0,0
3704817332_a7f88e74,3704817332,data/images/3704817332_a7f88e74.jpg,val,1,1,0
3704822476_2e8d5ccf,3704822476,data/images/3704822476_2e8d5ccf.jpg,val,0,0,1
3912830390_1d40d676,3912830390,data/images/3912830390_1d40d676.jpg,val,1,1,0
3968352430_3fe8b7bb,3968352430,data/images/3968352430_3fe8b7bb.jpg,val,0,1,0
3994742322_05097327,3994742322,data/images/3994742322_05097327.jpg,val,1,1,0
4031780020_b465a08e,4031780020,data/images/4031780020_b465a08e.jpg,val,1,1,1
4032085191_179e5910,4032085191,data/images/4032085191_179e5910.jpg,val,0,1,0
4032085191_394f6d60,4032085191,data/images/4032085191_394f6d60.jpg,val,0,1,0
4032085191_543a66f5,4032085191,data/images/4032085191_543a66f5.jpg,val,0,1,0
4032085191_9479b40a,4032085191,data/images/4032085191_9479b40a.jpg,val,0,1,0
4061127988_4d52e0a3,4061127988,data/images/4061127988_4d52e0a3.jpg,val,0,0,0
4061127988_7af7b896,4061127988,data/images/4061127988_7af7b896.jpg,val,0,1,0
4061127988_86703bb9,4061127988,data/images/4061127988_86703bb9.jpg,val,0,0,1
4061127988_d4c503d1,4061127988,data/images/4061127988_d4c503d1.jpg,val,1,1,0
4061127988_fd163e7e,4061127988,data/images/4061127988_fd163e7e.jpg,val,0,1,0
4079374453_7435ce1b,4079374453,data/images/4079374453_7435ce1b.jpg,val,0,1,0
4441038633_168c0a63,4441038633,data/images/4441038633_168c0a63.jpg,val,0,0,0
4441038633_9b50b66d,4441038633,data/images/4441038633_9b50b66d.jpg,val,1,1,0
4441038633_ed79ad37,4441038633,data/images/4441038633_ed79ad37.jpg,val,1,1,0
4519375712_70dc61b2,4519375712,data/images/4519375712_70dc61b2.jpg,val,0,1,0
4519379712_b68cc231,4519379712,data/images/4519379712_b68cc231.jpg,val,1,1,0
4519388987_aa9ea990,4519388987,data/images/4519388987_aa9ea990.jpg,val,0,1,0
4519389328_147b08f8,4519389328,data/images/4519389328_147b08f8.jpg,val,1,0,0
4519393997_3173359f,4519393997,data/images/4519393997_3173359f.jpg,val,0,0,1
4537175524_3d45fb2e,4537175524,data/images/4537175524_3d45fb2e.jpg,val,1,1,0
4948183836_25ace88d,4948183836,data/images/4948183836_25ace88d.jpg,val,0,0,1
4952030706_59369df4,4952030706,data/images/4952030706_59369df4.jpg,val,0,1,0
4975911726_b9ca98b3,4975911726,data/images/4975911726_b9ca98b3.jpg,val,0,0,0
4993505895_930fe456,4993505895,data/images/4993505895_930fe456.jpg,val,1,1,0
4993514315_d9aac9cd,4993514315,data/images/4993514315_d9aac9cd.jpg,val,0,1,0
5060678667_9aeb61ee,5060678667,data/images/5060678667_9aeb61ee.jpg,val,1,1,0
5060683954_997279cf,5060683954,data/images/5060683954_997279cf.jpg,val,0,0,1
5867702584_8b041a7f,5867702584,data/images/5867702584_8b041a7f.jpg,val,0,1,0
5872107259_117a9f90,5872107259,data/images/5872107259_117a9f90.jpg,val,0,1,0
5872110668_a2e32af1,5872110668,data/images/5872110668_a2e32af1.jpg,val,1,0,0
5872110739_3d830864,5872110739,data/images/5872110739_3d830864.jpg,val,1,0,0
5872122815_4452fe3c,5872122815,data/images/5872122815_4452fe3c.jpg,val,0,1,0
5872125722_29279670,5872125722,data/images/5872125722_29279670.jpg,val,0,0,0
5872126193_5aa79b07,5872126193,data/images/5872126193_5aa79b07.jpg,val,0,0,0
5872136336_224d225b,5872136336,data/images/5872136336_224d225b.jpg,val,1,1,0
5872136738_3971d6ff,5872136738,data/images/5872136738_3971d6ff.jpg,val,0,0,0
5872140950_079d36b4,5872140950,data/images/5872140950_079d36b4.jpg,val,0,0,1
5872142581_b81b86a0,5872142581,data/images/5872142581_b81b86a0.jpg,val,0,0,0
5872142776_c1b4bb4f,5872142776,data/images/5872142776_c1b4bb4f.jpg,val,1,0,0
5872144563_49b2f169,5872144563,data/images/5872144563_49b2f169.jpg,val,0,0,1
5872146357_baf34643,5872146357,data/images/5872146357_baf34643.jpg,val,0,0,0
5872157516_79148257,5872157516,data/images/5872157516_79148257.jpg,val,1,1,0
5872157572_c08214e4,5872157572,data/images/5872157572_c08214e4.jpg,val,0,1,0
6160608861_4cf49fa1,6160608861,data/images/6160608861_4cf49fa1.jpg,val,0,1,0
6392815134_2545fec7,6392815134,data/images/6392815134_2545fec7.jpg,val,0,1,0
6392820551_94c33745,6392820551,data/images/6392820551_94c33745.jpg,val,0,1,0
6392821761_68832667,6392821761,data/images/6392821761_68832667.jpg,val,1,0,0
6392822470_d185e10d,6392822470,data/images/6392822470_d185e10d.jpg,val,0,0,1
912079331_f414ed98,912079331,data/images/912079331_f414ed98.jpg,val,0,0,1
912079402_a0de8561,912079402,data/images/912079402_a0de8561.jpg,val,1,1,0
912079539_81b48f1d,912079539,data/images/912079539_81b48f1d.jpg,val,0,0,1
912088666_db891ebc,912088666,data/images/912088666_db891ebc.jpg,val,0,0,1
912092531_200a03a0,912092531,data/images/912092531_200a03a0.jpg,val,1,1,0
912092582_41574bad,912092582,data/images/912092582_41574bad.jpg,val,0,1,0
912232869_8b4b20bd,912232869,data/images/912232869_8b4b20bd.jpg,val,1,0,0
912233132_a895b250,912233132,data/images/912233132_a895b250.jpg,val,1,1,0
912285719_c07948dd,912285719,data/images/912285719_c07948dd.jpg,val,0,0,1
912285953_a40f0064,912285953,data/images/912285953_a40f0064.jpg,val,1,0,0
912285979_0e947adb,912285979,data/images/912285979_0e947adb.jpg,val,0,1,0
912285993_c780da8d,912285993,data/images/912285993_c780da8d.jpg,val,0,0,1
912286111_439231f3,912286111,data/images/912286111_439231f3.jpg,val,1,1,0
912287074_1e9281a2,912287074,data/images/912287074_1e9281a2.jpg,val,0,0,0
912287196_0cc1779b,912287196,data/images/912287196_0cc1779b.jpg,val,0,0,1
912287519_65ef15b8,912287519,data/images/912287519_65ef15b8.jpg,val,0,1,1
912287716_8ce048fc,912287716,data/images/912287716_8ce048fc.jpg,val,1,1,0
912293735_760205f4,912293735,data/images/912293735_760205f4.jpg,val,1,0,0
912293875_3898d73a,912293875,data/images/912293875_3898d73a.jpg,val,1,0,0
912294092_79022ee2,912294092,data/images/912294092_79022ee2.jpg,val,0,1,0
912294184_6304767e,912294184,data/images/912294184_6304767e.jpg,val,1,1,0
912294876_97c7b10f,912294876,data/images/912294876_97c7b10f.jpg,val,1,0,0
912294917_4f1a519b,912294917,data/images/912294917_4f1a519b.jpg,val,1,1,0
912294953_a9c812a8,912294953,data/images/912294953_a9c812a8.jpg,val,1,1,0
912294977_eff67dbd,912294977,data/images/912294977_eff67dbd.jpg,val,1,1,0
912295143_70c45310,912295143,data/images/912295143_70c45310.jpg,val,1,1,0
912295202_5559a2aa,912295202,data/images/912295202_5559a2aa.jpg,val,0,0,1
